# mode=collision,n=8000,struct=quadtree,cell=64,depth=5,node=4,seed=44,warmup_s=2,measure_s=5,config=3D,ticks=666,frames=3,measured_ticks=605,startup_ms=1228.45,glfw_first_draw_ms=1160.33,renderer=NVIDIA GeForce RTX 5060 Laptop GPU/PCIe/SSE2,gl=3.3.0 NVIDIA 592.01
kind,value,extra
startup_ms,1228.45,process_to_first_frame
glfw_ms,1160.33,glfw_init_to_first_frame
mem_ws_bytes,1.12312e+08,baseline
mem_private_bytes,1.80306e+08,baseline
mem_peak_ws_bytes,1.12312e+08,baseline
mem_ws_bytes,1.15515e+08,after_spawn
mem_private_bytes,1.83386e+08,after_spawn
mem_peak_ws_bytes,1.15515e+08,after_spawn
tick_us,37444.7,1617
tick_us,37378.1,1611
tick_us,37471,1629
tick_us,37692,1627
tick_us,37222.4,1641
tick_us,37440.2,1634
tick_us,37278.1,1618
tick_us,37810.8,1619
tick_us,36738,1618
tick_us,36244,1620
tick_us,36566.8,1616
tick_us,37271.7,1622
tick_us,37762.7,1629
tick_us,37433,1625
tick_us,38214,1625
tick_us,37574.7,1622
tick_us,37756.5,1613
tick_us,36972.9,1637
tick_us,36811.4,1642
tick_us,36314.7,1663
tick_us,37348.8,1657
tick_us,37276.9,1656
tick_us,37079,1661
tick_us,44214.2,1654
tick_us,37646.9,1638
tick_us,39467.2,1641
tick_us,37471.9,1644
tick_us,37957.4,1664
tick_us,37697.2,1657
tick_us,38297.9,1659
tick_us,39067.5,1672
tick_us,38283.4,1653
tick_us,38245.8,1660
tick_us,39642.2,1650
tick_us,38064.2,1664
tick_us,38261.4,1640
tick_us,37690.8,1637
tick_us,37343.6,1628
tick_us,37707.1,1646
tick_us,37180.1,1646
tick_us,36300.4,1635
tick_us,39629.2,1630
tick_us,38493.6,1634
tick_us,36424.9,1638
tick_us,36609.1,1639
tick_us,40512.8,1640
tick_us,38064.5,1622
tick_us,38525.8,1620
tick_us,37560,1610
tick_us,38565.5,1613
tick_us,37301.1,1594
tick_us,38007.6,1617
tick_us,39509.5,1624
tick_us,36733.5,1625
tick_us,36663.4,1622
tick_us,36193.8,1620
tick_us,36297.2,1630
tick_us,36620.7,1633
tick_us,38009,1649
tick_us,36494.5,1670
tick_us,36728.4,1666
tick_us,36362.1,1664
tick_us,35560.6,1651
tick_us,36099.1,1635
tick_us,39430.2,1624
tick_us,37153.5,1593
tick_us,36875.8,1603
tick_us,36578.1,1621
tick_us,36886.6,1626
tick_us,37462.6,1656
tick_us,37618,1670
tick_us,36329.1,1653
tick_us,36795,1632
tick_us,37115.1,1616
tick_us,37394.9,1624
tick_us,37813.4,1613
tick_us,37696.4,1611
tick_us,39142.1,1599
tick_us,38971.2,1597
tick_us,41342,1584
tick_us,38673.9,1580
tick_us,46948.5,1571
tick_us,44647.5,1584
tick_us,37848.1,1565
tick_us,37829,1557
tick_us,37804.7,1579
tick_us,35982.9,1589
tick_us,38188.7,1592
tick_us,37822.9,1585
tick_us,36043.4,1579
tick_us,37057.1,1558
tick_us,36593.4,1575
tick_us,37217.6,1555
tick_us,36163.4,1557
tick_us,36408.3,1545
tick_us,37924.1,1571
tick_us,36766.3,1566
tick_us,37304.2,1575
tick_us,36423.3,1585
tick_us,37523.3,1591
tick_us,35111,1627
tick_us,35823.7,1629
tick_us,35247.2,1622
tick_us,35935.4,1624
tick_us,35177.2,1614
tick_us,35693.2,1603
tick_us,35819.1,1607
tick_us,36377.2,1626
tick_us,34823.6,1619
tick_us,37649.8,1616
tick_us,37029.4,1612
tick_us,37542.9,1606
tick_us,40291.9,1595
tick_us,42011.7,1594
tick_us,37336.4,1609
tick_us,37711.8,1609
tick_us,38186.5,1617
tick_us,37568.8,1596
tick_us,36685.6,1599
tick_us,39444.6,1588
tick_us,38350.5,1584
tick_us,37226.3,1597
tick_us,37260,1603
tick_us,37708.9,1598
tick_us,38498.6,1585
tick_us,37921.7,1571
tick_us,37226.3,1582
tick_us,37709.2,1588
tick_us,38479.7,1593
tick_us,37981.9,1593
tick_us,38732.1,1590
tick_us,38647.2,1593
tick_us,38944.2,1592
tick_us,38527.4,1578
tick_us,39603.6,1570
tick_us,39937.9,1565
tick_us,38958.6,1565
tick_us,40948,1578
tick_us,38771.5,1571
tick_us,39247.4,1573
tick_us,39034.6,1570
tick_us,38067.5,1574
tick_us,38855.2,1591
tick_us,39280.5,1576
tick_us,38459.2,1580
tick_us,39622.6,1578
tick_us,39292.4,1579
tick_us,39870.5,1577
tick_us,38133.6,1550
tick_us,37751.9,1536
tick_us,39047.6,1530
tick_us,38745.9,1523
tick_us,37541.1,1534
tick_us,38074.3,1526
tick_us,39658.4,1550
tick_us,38575,1542
tick_us,39293.7,1556
tick_us,38489.8,1564
tick_us,38476.9,1552
tick_us,38652.4,1547
tick_us,42845.2,1577
tick_us,38231,1609
tick_us,38041.8,1613
tick_us,37114.1,1600
tick_us,35790.5,1609
tick_us,36666.1,1611
tick_us,36699.6,1592
tick_us,36894.4,1608
tick_us,35457.8,1612
tick_us,35881.5,1617
tick_us,35261.5,1604
tick_us,37324.4,1592
tick_us,35325.8,1593
tick_us,33856.4,1588
tick_us,36192,1603
tick_us,34248.1,1592
tick_us,37903.1,1608
tick_us,34153.1,1619
tick_us,34872.5,1626
tick_us,38129.6,1630
tick_us,34202.7,1632
tick_us,34004.9,1646
tick_us,34634.6,1650
tick_us,34294.6,1632
tick_us,34526.7,1639
tick_us,35677.7,1647
tick_us,34286.8,1638
tick_us,34847.9,1635
tick_us,34644.6,1624
tick_us,35748.7,1600
tick_us,34745.9,1597
tick_us,34913.8,1612
tick_us,34160.8,1601
tick_us,36172.7,1621
tick_us,34843.6,1608
tick_us,35487,1603
tick_us,35539.3,1621
tick_us,35750.7,1641
tick_us,35971.5,1652
tick_us,35239,1641
tick_us,35675.1,1656
tick_us,36041,1675
tick_us,36627.9,1687
tick_us,36394.7,1688
tick_us,36720.1,1682
tick_us,35868.7,1679
tick_us,35917.9,1683
tick_us,35033.7,1678
tick_us,35059.4,1680
tick_us,34797.2,1683
tick_us,34833.9,1680
tick_us,34337.5,1691
tick_us,35908.7,1688
tick_us,34508.9,1685
tick_us,35996.1,1660
tick_us,39734.5,1648
tick_us,42275.6,1641
tick_us,39794.7,1645
tick_us,38534.9,1659
tick_us,35370.9,1657
tick_us,35583.3,1669
tick_us,36031.2,1665
tick_us,35801.7,1659
tick_us,37680.6,1662
tick_us,39757.9,1654
tick_us,37671.3,1654
tick_us,36393.8,1638
tick_us,36788.1,1637
tick_us,36252.8,1642
tick_us,37886.9,1641
tick_us,36131.4,1623
tick_us,37216.3,1621
tick_us,35582.3,1594
tick_us,35751.1,1612
tick_us,36537.4,1599
tick_us,38788.1,1604
tick_us,34925.8,1599
tick_us,35943.1,1596
tick_us,36936.3,1586
tick_us,35597.2,1579
tick_us,36939.8,1595
tick_us,36787.1,1598
tick_us,36032.6,1599
tick_us,39606,1613
tick_us,36524.7,1613
tick_us,36273.1,1608
tick_us,38621,1618
tick_us,36781.1,1622
tick_us,40253.9,1638
tick_us,37978.3,1649
tick_us,36320.2,1652
tick_us,35710.7,1675
tick_us,35897.4,1677
tick_us,36043.6,1690
tick_us,36445.1,1702
tick_us,35829.7,1696
tick_us,36358.8,1687
tick_us,35787.1,1674
tick_us,35739.3,1655
tick_us,35517.3,1663
tick_us,35306.7,1666
tick_us,35612.8,1683
tick_us,34767.4,1672
tick_us,35401,1673
tick_us,34645.4,1683
tick_us,35699,1677
tick_us,36093.5,1658
tick_us,36214.7,1654
tick_us,36885.4,1642
tick_us,35481.1,1651
tick_us,35738.5,1654
tick_us,36618.2,1658
tick_us,34981.7,1627
tick_us,35447.2,1626
tick_us,35031.9,1627
tick_us,35695.1,1645
tick_us,35347.1,1631
tick_us,36122.3,1604
tick_us,37160.4,1598
tick_us,36066.9,1618
tick_us,36591.5,1638
tick_us,35900.7,1659
tick_us,35089.5,1666
tick_us,34887.9,1685
tick_us,36946.5,1702
tick_us,34070,1686
tick_us,35031.6,1654
tick_us,35342.2,1649
tick_us,34006.2,1621
tick_us,34494.3,1618
tick_us,35999.7,1631
tick_us,36672.4,1620
tick_us,35904.2,1620
tick_us,35868.8,1631
tick_us,36416.3,1640
tick_us,35099.8,1625
tick_us,35537.3,1640
tick_us,35786.3,1648
tick_us,35080.2,1658
tick_us,35133.7,1647
tick_us,34150.8,1633
tick_us,35263.2,1633
tick_us,34426.6,1647
tick_us,35983.2,1648
tick_us,34891,1644
tick_us,35683.4,1646
tick_us,35390,1657
tick_us,35371.4,1665
tick_us,35184.9,1668
tick_us,36430,1663
tick_us,36356.8,1670
tick_us,35485.7,1670
tick_us,35537.8,1674
tick_us,35364.9,1681
tick_us,35470,1690
tick_us,35285,1696
tick_us,36732.4,1698
tick_us,35804.1,1702
tick_us,37938.7,1697
tick_us,36345.3,1699
tick_us,34998.8,1722
tick_us,35467,1734
tick_us,35786.6,1725
tick_us,36157.7,1725
tick_us,35386.2,1723
tick_us,35475.2,1700
tick_us,35326.2,1694
tick_us,35183.9,1686
tick_us,36318.5,1667
tick_us,37166.4,1651
tick_us,36602.5,1640
tick_us,36536.4,1612
tick_us,37433.6,1614
tick_us,36776.7,1618
tick_us,36895.9,1599
tick_us,37013.9,1584
tick_us,37173.9,1596
tick_us,37376.1,1578
tick_us,37904.6,1575
tick_us,38378,1563
tick_us,38042,1574
tick_us,38029.9,1563
tick_us,36990.2,1567
tick_us,37729.5,1568
tick_us,36999.8,1581
tick_us,38245.9,1597
tick_us,38900.6,1602
tick_us,38666.1,1585
tick_us,41739.5,1576
tick_us,38241.8,1581
tick_us,38109.2,1577
tick_us,38985.3,1593
tick_us,47187.8,1615
tick_us,44591.7,1625
tick_us,38962.6,1605
tick_us,38046.9,1598
tick_us,37719.2,1615
tick_us,40229.2,1605
tick_us,37974.2,1602
tick_us,39973.7,1619
tick_us,39078.6,1631
tick_us,38790.7,1629
tick_us,38565.6,1625
tick_us,38325.9,1618
tick_us,39274,1623
tick_us,39072.6,1605
tick_us,39337.4,1600
tick_us,39291.6,1611
tick_us,38112.8,1609
tick_us,37733.5,1609
tick_us,37572.3,1601
tick_us,40068.5,1601
tick_us,38134.8,1596
tick_us,38039.4,1603
tick_us,38024.7,1604
tick_us,37326.9,1583
tick_us,37715.8,1590
tick_us,38087.2,1603
tick_us,37929.2,1598
tick_us,39087,1598
tick_us,38581.6,1594
tick_us,38102.7,1572
tick_us,36368.8,1554
tick_us,35961.6,1577
tick_us,38183.2,1599
tick_us,39128.9,1594
tick_us,38090.8,1630
tick_us,37456.3,1640
tick_us,38557.5,1620
tick_us,37304.1,1631
tick_us,36662.1,1630
tick_us,37469.2,1627
tick_us,39029.3,1636
tick_us,37787.6,1631
tick_us,37428.5,1625
tick_us,37091.9,1613
tick_us,38017.8,1601
tick_us,37265.5,1608
tick_us,38135.6,1605
tick_us,37705.1,1595
tick_us,36931,1603
tick_us,38061.4,1597
tick_us,37215.9,1604
tick_us,38396.8,1591
tick_us,36764.6,1600
tick_us,36700.3,1596
tick_us,37094.1,1565
tick_us,38708.2,1563
tick_us,37308.6,1557
tick_us,36653.1,1558
tick_us,36888.2,1546
tick_us,37737.7,1551
tick_us,36859.2,1568
tick_us,39232.3,1574
tick_us,41426.3,1582
tick_us,37072.5,1560
tick_us,36516.2,1548
tick_us,36441.6,1556
tick_us,36997.4,1551
tick_us,37096.9,1534
tick_us,37131.6,1556
tick_us,36881.1,1546
tick_us,38339.5,1553
tick_us,37181.3,1563
tick_us,38286.9,1558
tick_us,36745.9,1569
tick_us,35880.7,1585
tick_us,36786.4,1584
tick_us,36715.3,1599
tick_us,36728.3,1583
tick_us,35760.7,1594
tick_us,35847.3,1577
tick_us,36202.8,1578
tick_us,35101.1,1586
tick_us,35498,1576
tick_us,36115.7,1576
tick_us,36642,1565
tick_us,36625.6,1587
tick_us,36759.7,1584
tick_us,36701.8,1570
tick_us,36024.7,1589
tick_us,36317.3,1596
tick_us,35815.7,1585
tick_us,34686.8,1603
tick_us,35671.1,1580
tick_us,35145.1,1567
tick_us,36447.1,1574
tick_us,36978.5,1577
tick_us,35626.2,1574
tick_us,35479.5,1567
tick_us,36037.6,1564
tick_us,36045.4,1578
tick_us,39384.9,1576
tick_us,37962.2,1574
tick_us,37685.4,1577
tick_us,34969.1,1563
tick_us,35565.9,1574
tick_us,34963.4,1564
tick_us,35470.5,1566
tick_us,35687.9,1566
tick_us,35370.8,1566
tick_us,36085.2,1559
tick_us,35921.2,1583
tick_us,34804.1,1601
tick_us,35330.9,1596
tick_us,35530.9,1601
tick_us,35746.6,1599
tick_us,35213.2,1592
tick_us,35880.5,1585
tick_us,35714,1587
tick_us,36764.3,1594
tick_us,38631.2,1608
tick_us,36459,1605
tick_us,36173.1,1616
tick_us,35700.7,1610
tick_us,35922,1589
tick_us,38037.4,1592
tick_us,36451,1597
tick_us,36779.3,1578
tick_us,36603.8,1584
tick_us,37155.3,1600
tick_us,35867,1573
tick_us,35848.1,1572
tick_us,35869.2,1570
tick_us,36023.9,1589
tick_us,36836.8,1594
tick_us,45838,1598
tick_us,43881.2,1600
tick_us,37228.9,1597
tick_us,35538.8,1630
tick_us,35144.5,1636
tick_us,35884.4,1644
tick_us,35424,1636
tick_us,35999.2,1623
tick_us,35527.8,1601
tick_us,35753.6,1605
tick_us,36375.3,1603
tick_us,36411.9,1616
tick_us,37406.9,1614
tick_us,37970.8,1618
tick_us,36465.2,1620
tick_us,36693.2,1628
tick_us,37248.4,1627
tick_us,36983.7,1627
tick_us,39223.7,1646
tick_us,36770.2,1655
tick_us,36413.7,1644
tick_us,36581,1630
tick_us,35648.8,1619
tick_us,36165.4,1614
tick_us,36277,1628
tick_us,36266.8,1632
tick_us,36150.8,1627
tick_us,37109.7,1631
tick_us,40342.1,1637
tick_us,36690.8,1622
tick_us,36650.3,1633
tick_us,36270.6,1632
tick_us,36545.5,1647
tick_us,36508.1,1654
tick_us,36329.3,1641
tick_us,40036,1637
tick_us,36052.4,1636
tick_us,35699.8,1634
tick_us,37116.3,1644
tick_us,36379.6,1647
tick_us,37031.9,1674
tick_us,40204.1,1689
tick_us,38337.4,1692
tick_us,36430.2,1677
tick_us,35991.9,1666
tick_us,36696,1658
tick_us,38350.2,1662
tick_us,38232.6,1651
tick_us,39642.6,1666
tick_us,37791.2,1664
tick_us,37750.2,1676
tick_us,37500,1656
tick_us,36742.4,1648
tick_us,37535.9,1634
tick_us,39411.9,1647
tick_us,39114.9,1653
tick_us,36987.4,1645
tick_us,37059.4,1646
tick_us,36333.1,1658
tick_us,35239.6,1664
tick_us,35449.2,1667
tick_us,35534.4,1669
tick_us,37101.5,1669
tick_us,36809.6,1666
tick_us,35175.5,1680
tick_us,36473.5,1680
tick_us,35089,1659
tick_us,36069.4,1666
tick_us,36814.9,1673
tick_us,35870.2,1662
tick_us,35858.2,1652
tick_us,36353.1,1650
tick_us,40811.7,1675
tick_us,38958.3,1672
tick_us,37462.2,1672
tick_us,36786.6,1665
tick_us,36425.3,1665
tick_us,37300.7,1667
tick_us,35747.3,1643
tick_us,35836.9,1621
tick_us,35669,1618
tick_us,35485.4,1637
tick_us,34949.8,1628
tick_us,42441.6,1636
tick_us,35829.8,1635
tick_us,35579.4,1619
tick_us,34382.8,1621
tick_us,34265,1625
tick_us,34683.9,1619
tick_us,35637,1618
tick_us,35101.3,1613
tick_us,36005.2,1620
tick_us,36124.1,1630
tick_us,35771.4,1635
tick_us,35750.6,1633
tick_us,35674.7,1636
tick_us,39306.5,1640
tick_us,37434.4,1648
tick_us,37120.5,1666
tick_us,40007.8,1657
tick_us,36784.5,1638
tick_us,38362.4,1644
tick_us,38192.1,1639
tick_us,39626.5,1649
tick_us,38029.5,1666
tick_us,35446.4,1668
tick_us,36975,1692
tick_us,39013.5,1696
tick_us,37328.9,1699
tick_us,37498.4,1686
tick_us,35564.8,1674
tick_us,37784.6,1682
tick_us,36041.1,1674
tick_us,35209.2,1680
tick_us,36826.5,1671
tick_us,35053.6,1671
tick_us,36508.1,1672
tick_us,37083.2,1662
tick_us,36473.4,1665
