# mode=collision,n=2000,struct=grid,cell=128,depth=5,node=4,seed=43,warmup_s=2,measure_s=5,config=2D,ticks=1007,frames=2417,measured_ticks=720,startup_ms=1326.93,glfw_first_draw_ms=1259.1,renderer=NVIDIA GeForce RTX 5060 Laptop GPU/PCIe/SSE2,gl=3.3.0 NVIDIA 592.01
kind,value,extra
startup_ms,1326.93,process_to_first_frame
glfw_ms,1259.1,glfw_init_to_first_frame
mem_ws_bytes,1.10723e+08,baseline
mem_private_bytes,1.80945e+08,baseline
mem_peak_ws_bytes,1.10723e+08,baseline
mem_ws_bytes,1.11297e+08,after_spawn
mem_private_bytes,1.81506e+08,after_spawn
mem_peak_ws_bytes,1.11297e+08,after_spawn
tick_us,2798.7,4336
frame_ms,6.1084,
frame_ms,0.4016,
frame_ms,0.4346,
tick_us,2760.4,4352
frame_ms,6.0171,
frame_ms,0.3371,
frame_ms,0.3417,
tick_us,2758.4,4368
frame_ms,5.9288,
frame_ms,0.3616,
frame_ms,0.5048,
frame_ms,0.3332,
tick_us,2757.5,4348
frame_ms,5.9334,
frame_ms,0.5106,
frame_ms,0.369,
tick_us,2747.8,4298
frame_ms,6.0083,
frame_ms,0.3655,
frame_ms,0.4049,
frame_ms,0.3765,
tick_us,2798.7,4304
frame_ms,6.0314,
frame_ms,0.3464,
frame_ms,0.4119,
tick_us,2749.8,4316
frame_ms,5.8762,
frame_ms,0.3625,
frame_ms,0.376,
frame_ms,0.3641,
tick_us,2810.6,4350
frame_ms,6.0333,
frame_ms,0.3619,
frame_ms,0.362,
frame_ms,0.3651,
tick_us,2789.8,4360
frame_ms,6.067,
frame_ms,0.3399,
frame_ms,0.3663,
tick_us,2882.4,4388
frame_ms,6.0606,
frame_ms,0.384,
frame_ms,0.4246,
tick_us,2777.6,4392
frame_ms,5.9367,
frame_ms,0.3534,
frame_ms,0.3238,
frame_ms,0.3464,
tick_us,3055.1,4354
frame_ms,6.316,
frame_ms,0.4856,
frame_ms,0.3537,
tick_us,2811.6,4378
frame_ms,5.9686,
frame_ms,0.3765,
frame_ms,0.3457,
tick_us,2762.4,4372
frame_ms,6.0398,
frame_ms,0.391,
frame_ms,0.3568,
frame_ms,0.3394,
tick_us,2789.1,4372
frame_ms,5.9692,
frame_ms,0.4078,
frame_ms,0.427,
tick_us,2750.9,4358
frame_ms,5.9418,
frame_ms,0.4114,
frame_ms,0.3205,
frame_ms,0.3066,
tick_us,2784.4,4364
frame_ms,5.9101,
frame_ms,0.3979,
frame_ms,0.3201,
frame_ms,0.3369,
tick_us,2780.5,4344
frame_ms,5.932,
frame_ms,0.374,
frame_ms,0.3215,
frame_ms,0.3201,
tick_us,2798.2,4392
frame_ms,6.0992,
frame_ms,0.4652,
frame_ms,0.3361,
tick_us,2758.3,4408
frame_ms,5.973,
frame_ms,0.3556,
frame_ms,0.3217,
frame_ms,0.3346,
tick_us,2765.9,4400
frame_ms,6.0923,
frame_ms,0.6233,
frame_ms,0.6999,
tick_us,2840.4,4430
frame_ms,6.56,
tick_us,2840.8,4462
frame_ms,6.3522,
frame_ms,0.5943,
tick_us,2809.6,4476
frame_ms,6.1819,
frame_ms,0.5151,
tick_us,2797.1,4468
frame_ms,6.0775,
frame_ms,0.5498,
frame_ms,0.3733,
tick_us,2854.5,4484
frame_ms,6.6698,
frame_ms,0.4328,
tick_us,2873.3,4520
frame_ms,6.2114,
frame_ms,0.3976,
frame_ms,0.3807,
tick_us,2982.4,4550
frame_ms,6.481,
frame_ms,0.4466,
tick_us,2969,4538
frame_ms,6.4882,
frame_ms,0.5218,
tick_us,2982.8,4552
frame_ms,6.4212,
frame_ms,0.7716,
tick_us,2901.3,4616
frame_ms,6.3342,
frame_ms,0.446,
tick_us,2756.5,4660
frame_ms,6.0632,
frame_ms,0.3733,
frame_ms,0.3716,
tick_us,2781.4,4656
frame_ms,6.0568,
frame_ms,0.3697,
frame_ms,0.4037,
tick_us,2819.1,4656
frame_ms,6.4895,
frame_ms,0.423,
tick_us,2798.2,4618
frame_ms,6.0882,
frame_ms,0.3581,
frame_ms,0.4266,
tick_us,2844.8,4652
frame_ms,6.1431,
frame_ms,0.3551,
frame_ms,0.3282,
frame_ms,0.3817,
tick_us,2837.8,4654
frame_ms,6.0497,
frame_ms,0.3651,
frame_ms,0.4271,
tick_us,2794.5,4648
frame_ms,6.0017,
frame_ms,0.3458,
frame_ms,0.3985,
tick_us,2757.6,4664
frame_ms,5.9485,
frame_ms,0.4056,
frame_ms,0.5722,
tick_us,2843.9,4648
frame_ms,6.0598,
frame_ms,0.3991,
frame_ms,0.3485,
frame_ms,0.2919,
tick_us,2746.9,4652
frame_ms,6.0518,
frame_ms,0.3867,
frame_ms,0.358,
tick_us,2773.4,4624
frame_ms,5.9312,
frame_ms,0.3329,
frame_ms,0.3128,
frame_ms,0.3063,
frame_ms,0.3113,
tick_us,2892.4,4622
frame_ms,6.0779,
frame_ms,0.3672,
frame_ms,0.4574,
tick_us,2788.3,4632
frame_ms,6.3666,
frame_ms,0.3567,
tick_us,2759,4650
frame_ms,5.9763,
frame_ms,0.3504,
frame_ms,0.4333,
frame_ms,0.3402,
tick_us,2898.2,4664
frame_ms,6.0858,
frame_ms,0.3704,
frame_ms,0.4445,
tick_us,2776.7,4696
frame_ms,5.9986,
frame_ms,0.3717,
frame_ms,0.3446,
frame_ms,0.3404,
tick_us,2806.4,4672
frame_ms,6.2366,
frame_ms,0.404,
tick_us,3013.4,4648
frame_ms,6.4046,
frame_ms,0.389,
frame_ms,0.3875,
tick_us,2782.5,4612
frame_ms,6.4752,
frame_ms,0.4617,
tick_us,2817.6,4650
frame_ms,6.1355,
frame_ms,0.3778,
frame_ms,0.4409,
tick_us,2777,4648
frame_ms,5.9747,
frame_ms,0.5983,
frame_ms,0.4038,
tick_us,2896.3,4632
frame_ms,6.191,
frame_ms,0.3259,
frame_ms,0.3708,
tick_us,2867.5,4654
frame_ms,6.0645,
frame_ms,0.3427,
frame_ms,0.5068,
tick_us,2854.9,4642
frame_ms,6.0478,
frame_ms,0.4089,
frame_ms,0.3319,
frame_ms,0.3748,
tick_us,2779.9,4596
frame_ms,6.0432,
frame_ms,0.3485,
frame_ms,0.3172,
tick_us,2849,4554
frame_ms,6.1198,
frame_ms,0.6596,
frame_ms,0.4215,
tick_us,2782.3,4568
frame_ms,5.941,
frame_ms,0.3524,
frame_ms,0.4499,
tick_us,2776.7,4570
frame_ms,6.1963,
frame_ms,0.3712,
frame_ms,0.3658,
tick_us,2768.2,4600
frame_ms,6.059,
frame_ms,0.3599,
frame_ms,0.4447,
tick_us,2809.5,4602
frame_ms,6.0918,
frame_ms,0.8219,
tick_us,2850.8,4658
frame_ms,6.0957,
frame_ms,0.4176,
frame_ms,0.3783,
frame_ms,0.3257,
tick_us,2790.2,4718
frame_ms,6.0381,
frame_ms,0.3464,
frame_ms,0.3771,
tick_us,2926.7,4692
frame_ms,6.3902,
frame_ms,0.3892,
frame_ms,0.3607,
tick_us,2915.5,4696
frame_ms,6.1706,
frame_ms,0.3726,
frame_ms,0.3605,
tick_us,2795.3,4698
frame_ms,6.0451,
frame_ms,0.541,
frame_ms,0.3108,
tick_us,2778.3,4644
frame_ms,5.9428,
frame_ms,0.4397,
frame_ms,0.3293,
frame_ms,0.3523,
tick_us,2928.7,4626
frame_ms,6.2089,
frame_ms,0.4101,
tick_us,2859,4608
frame_ms,6.0897,
frame_ms,0.3647,
frame_ms,0.3244,
frame_ms,0.352,
tick_us,2765.5,4594
frame_ms,6.0205,
frame_ms,0.4271,
frame_ms,0.3248,
tick_us,2884.3,4578
frame_ms,6.1555,
frame_ms,0.378,
frame_ms,0.3152,
frame_ms,0.3478,
tick_us,2774.7,4562
frame_ms,5.9571,
frame_ms,0.3614,
frame_ms,0.3565,
tick_us,2850.7,4548
frame_ms,6.0703,
frame_ms,0.4335,
frame_ms,0.3726,
frame_ms,0.3588,
tick_us,2814.7,4558
frame_ms,6.0441,
frame_ms,0.3719,
frame_ms,0.4127,
tick_us,2781.4,4552
frame_ms,6.1689,
frame_ms,0.5457,
frame_ms,0.3446,
tick_us,2782.3,4518
frame_ms,5.983,
frame_ms,0.3986,
frame_ms,0.3585,
tick_us,2905.3,4560
frame_ms,6.2771,
frame_ms,0.3892,
frame_ms,0.387,
tick_us,2801.3,4578
frame_ms,6.0481,
frame_ms,0.3694,
frame_ms,0.3898,
tick_us,2799,4570
frame_ms,5.9505,
frame_ms,0.4118,
frame_ms,0.4128,
frame_ms,0.3994,
tick_us,2797.8,4584
frame_ms,5.9815,
frame_ms,0.3424,
frame_ms,0.3525,
tick_us,2748.4,4614
frame_ms,5.9233,
frame_ms,0.3441,
frame_ms,0.4183,
tick_us,2808.3,4576
frame_ms,6.5983,
frame_ms,0.4102,
frame_ms,0.3825,
tick_us,2764.6,4600
frame_ms,6.0107,
frame_ms,0.342,
frame_ms,0.3747,
frame_ms,0.3048,
tick_us,2841.7,4586
frame_ms,6.1182,
frame_ms,0.3729,
frame_ms,0.4012,
tick_us,2920.1,4572
frame_ms,6.2307,
frame_ms,0.3548,
frame_ms,0.4734,
tick_us,2821,4600
frame_ms,6.0394,
frame_ms,0.3246,
frame_ms,0.3364,
tick_us,2778.8,4612
frame_ms,6.0102,
frame_ms,0.3496,
frame_ms,0.3684,
frame_ms,0.3366,
tick_us,2817.9,4594
frame_ms,5.9777,
frame_ms,0.4248,
frame_ms,0.5309,
tick_us,2793.9,4572
frame_ms,6.0531,
frame_ms,0.3362,
frame_ms,0.3613,
tick_us,2801.9,4570
frame_ms,5.9934,
frame_ms,0.4042,
frame_ms,0.3989,
frame_ms,0.4792,
tick_us,2797.2,4568
frame_ms,6.0476,
frame_ms,0.3725,
frame_ms,0.3441,
tick_us,2757.8,4590
frame_ms,6.0001,
frame_ms,0.3532,
frame_ms,0.337,
frame_ms,0.3333,
tick_us,2837.1,4590
frame_ms,6.206,
frame_ms,0.3932,
frame_ms,0.3675,
tick_us,2930.9,4584
frame_ms,6.1237,
frame_ms,0.3724,
frame_ms,0.3464,
tick_us,2759.3,4566
frame_ms,5.927,
frame_ms,0.386,
frame_ms,0.3464,
frame_ms,0.5553,
tick_us,2866.6,4568
frame_ms,6.2301,
frame_ms,0.3951,
tick_us,2758.8,4578
frame_ms,5.9765,
frame_ms,0.4001,
frame_ms,0.3862,
frame_ms,0.3831,
tick_us,2819.2,4556
frame_ms,6.1034,
frame_ms,0.3473,
frame_ms,0.3301,
tick_us,2771.4,4500
frame_ms,5.9365,
frame_ms,0.3573,
frame_ms,0.3317,
frame_ms,0.8926,
tick_us,2765.7,4464
frame_ms,6.2793,
tick_us,2754.9,4456
frame_ms,5.9966,
frame_ms,0.3824,
frame_ms,0.3946,
frame_ms,0.4208,
tick_us,2910.2,4416
frame_ms,6.2506,
frame_ms,0.3604,
tick_us,2755.9,4466
frame_ms,5.9824,
frame_ms,0.3816,
frame_ms,0.3924,
frame_ms,0.3831,
tick_us,2773.5,4486
frame_ms,6.1639,
frame_ms,0.4221,
frame_ms,0.3923,
tick_us,2843.6,4496
frame_ms,6.1034,
frame_ms,0.3701,
frame_ms,0.4692,
tick_us,2795.2,4474
frame_ms,5.9738,
frame_ms,0.9164,
tick_us,2775,4446
frame_ms,6.0159,
frame_ms,0.3744,
frame_ms,0.3435,
frame_ms,0.3702,
tick_us,2775.4,4418
frame_ms,5.977,
frame_ms,0.3494,
frame_ms,0.3547,
tick_us,2765.1,4408
frame_ms,5.9583,
frame_ms,0.4396,
frame_ms,0.3039,
frame_ms,0.2939,
tick_us,2776.6,4414
frame_ms,5.9698,
frame_ms,0.5816,
frame_ms,0.3585,
tick_us,2772.1,4432
frame_ms,6.309,
frame_ms,0.853,
tick_us,2843.4,4438
frame_ms,6.3502,
frame_ms,0.6941,
tick_us,2920.9,4466
frame_ms,6.6336,
tick_us,3113.5,4490
frame_ms,6.8744,
tick_us,2973.4,4512
frame_ms,6.7809,
frame_ms,1.0787,
tick_us,2991.7,4500
frame_ms,6.3531,
tick_us,2759.2,4510
frame_ms,6.0745,
frame_ms,0.3858,
frame_ms,0.4758,
tick_us,2862.6,4552
frame_ms,6.1193,
frame_ms,0.4081,
frame_ms,0.3361,
tick_us,2765.3,4520
frame_ms,5.9664,
frame_ms,0.375,
frame_ms,0.3985,
tick_us,2815.2,4542
frame_ms,6.0359,
frame_ms,0.5656,
frame_ms,0.2952,
tick_us,2942.6,4514
frame_ms,6.178,
frame_ms,0.441,
frame_ms,0.3634,
tick_us,2762.3,4542
frame_ms,5.9545,
frame_ms,0.3597,
frame_ms,0.374,
frame_ms,0.4009,
tick_us,2767.3,4574
frame_ms,5.8997,
frame_ms,0.3465,
frame_ms,0.4058,
frame_ms,0.3527,
tick_us,2750.6,4600
frame_ms,5.9073,
frame_ms,0.4981,
frame_ms,0.5727,
tick_us,2810.7,4636
frame_ms,6.0199,
frame_ms,0.3297,
frame_ms,0.3561,
tick_us,2750,4682
frame_ms,5.9054,
frame_ms,0.3581,
frame_ms,0.43,
frame_ms,0.339,
tick_us,2758.8,4662
frame_ms,5.8857,
frame_ms,0.4404,
frame_ms,0.3342,
frame_ms,0.3293,
tick_us,2865.6,4680
frame_ms,6.1023,
frame_ms,0.3787,
frame_ms,0.3827,
tick_us,2795.7,4676
frame_ms,6.1525,
frame_ms,0.5834,
frame_ms,0.3509,
tick_us,2772.1,4686
frame_ms,5.9672,
frame_ms,0.4107,
frame_ms,0.3393,
tick_us,2826,4656
frame_ms,6.2603,
frame_ms,0.5577,
frame_ms,0.3585,
tick_us,2779.1,4644
frame_ms,5.9959,
frame_ms,0.3413,
frame_ms,0.3105,
frame_ms,0.3358,
tick_us,2751.7,4610
frame_ms,5.8782,
frame_ms,0.3582,
frame_ms,0.361,
frame_ms,0.3316,
tick_us,2918.4,4578
frame_ms,6.3433,
frame_ms,0.3434,
tick_us,2774.1,4596
frame_ms,6.0472,
frame_ms,0.4122,
frame_ms,0.3191,
frame_ms,0.3194,
tick_us,2785.7,4548
frame_ms,5.9639,
frame_ms,0.4714,
frame_ms,0.3895,
tick_us,2790.2,4536
frame_ms,5.9655,
frame_ms,0.3171,
frame_ms,0.3226,
frame_ms,0.3075,
tick_us,2803,4516
frame_ms,6.0742,
frame_ms,0.7402,
frame_ms,0.3396,
tick_us,2785.6,4492
frame_ms,6.0662,
frame_ms,0.3798,
frame_ms,0.3753,
tick_us,2773.4,4512
frame_ms,6.0509,
frame_ms,0.3806,
frame_ms,0.3732,
frame_ms,0.3987,
tick_us,2771.9,4496
frame_ms,6.0232,
frame_ms,0.3592,
frame_ms,0.3987,
tick_us,2768.7,4486
frame_ms,5.9569,
frame_ms,0.3817,
frame_ms,0.323,
frame_ms,0.3957,
tick_us,2774.1,4460
frame_ms,6.029,
frame_ms,0.3335,
frame_ms,0.4178,
tick_us,2824.4,4458
frame_ms,6.0319,
frame_ms,0.3405,
frame_ms,0.3114,
frame_ms,0.3321,
tick_us,2908.3,4442
frame_ms,6.1679,
frame_ms,0.4442,
frame_ms,0.3806,
tick_us,2831.8,4464
frame_ms,6.0521,
frame_ms,0.4467,
frame_ms,0.3776,
tick_us,2836.7,4476
frame_ms,6.3069,
frame_ms,0.4414,
frame_ms,0.4515,
tick_us,2802.9,4450
frame_ms,6.0433,
frame_ms,0.3743,
frame_ms,0.3985,
tick_us,2832.8,4426
frame_ms,6.1507,
frame_ms,0.4023,
frame_ms,0.3664,
tick_us,2795.5,4392
frame_ms,6.1496,
frame_ms,0.3637,
frame_ms,0.3279,
tick_us,2762.7,4358
frame_ms,5.9694,
frame_ms,0.8234,
tick_us,2773.1,4366
frame_ms,6.0149,
frame_ms,0.389,
frame_ms,0.3374,
frame_ms,0.4156,
tick_us,2770.4,4388
frame_ms,6.0771,
frame_ms,0.3566,
frame_ms,0.3213,
tick_us,2767.5,4422
frame_ms,6.0576,
frame_ms,0.4328,
frame_ms,0.4235,
tick_us,2809.8,4454
frame_ms,5.9801,
frame_ms,0.356,
frame_ms,0.3242,
frame_ms,0.2796,
tick_us,2853.2,4470
frame_ms,6.2075,
frame_ms,0.7166,
tick_us,2880.6,4514
frame_ms,6.3333,
frame_ms,0.5709,
tick_us,2835.8,4504
frame_ms,6.3661,
frame_ms,0.4243,
frame_ms,0.3615,
tick_us,2778.7,4496
frame_ms,6.0009,
frame_ms,0.3775,
frame_ms,0.4738,
tick_us,2822.4,4502
frame_ms,6.1898,
frame_ms,0.4214,
frame_ms,0.432,
tick_us,2856.4,4468
frame_ms,5.9985,
frame_ms,0.3359,
frame_ms,0.3533,
frame_ms,0.3434,
tick_us,2797,4430
frame_ms,6.0106,
frame_ms,0.3685,
frame_ms,0.4545,
tick_us,2909,4448
frame_ms,6.2335,
frame_ms,0.4102,
frame_ms,0.4482,
tick_us,2827.5,4462
frame_ms,6.0708,
frame_ms,0.3586,
frame_ms,0.406,
tick_us,2779.3,4448
frame_ms,6.0495,
frame_ms,0.57,
frame_ms,0.3287,
tick_us,2860.5,4416
frame_ms,6.0852,
frame_ms,0.3567,
frame_ms,0.3637,
tick_us,2805.5,4416
frame_ms,6.1806,
frame_ms,0.4783,
frame_ms,0.3968,
tick_us,2782.1,4392
frame_ms,6.2883,
frame_ms,0.3281,
frame_ms,0.3188,
tick_us,2776.6,4398
frame_ms,5.9662,
frame_ms,0.4461,
frame_ms,0.5433,
tick_us,2947.4,4402
frame_ms,6.165,
frame_ms,0.3737,
frame_ms,0.3651,
tick_us,2789.5,4434
frame_ms,6.0266,
frame_ms,0.3524,
frame_ms,0.3396,
frame_ms,0.3247,
tick_us,2849.5,4410
frame_ms,6.0927,
frame_ms,0.4426,
frame_ms,0.3498,
tick_us,2922.3,4412
frame_ms,6.2029,
frame_ms,0.329,
frame_ms,0.4033,
tick_us,2808.9,4418
frame_ms,6.0819,
frame_ms,0.5297,
frame_ms,0.3902,
tick_us,2808.6,4392
frame_ms,6.087,
frame_ms,0.3813,
frame_ms,0.3375,
tick_us,2820.2,4406
frame_ms,6.2036,
frame_ms,0.3909,
frame_ms,0.3696,
tick_us,2803.5,4390
frame_ms,5.9955,
frame_ms,0.3489,
frame_ms,0.4534,
frame_ms,0.3247,
tick_us,2795.2,4362
frame_ms,6.1453,
frame_ms,0.5395,
tick_us,2908,4338
frame_ms,6.2918,
frame_ms,0.4206,
frame_ms,0.3373,
tick_us,2782,4326
frame_ms,5.9574,
frame_ms,0.3475,
frame_ms,0.3695,
frame_ms,0.3613,
tick_us,2902,4378
frame_ms,6.19,
frame_ms,0.3694,
frame_ms,0.3635,
tick_us,2753.8,4372
frame_ms,5.9372,
frame_ms,0.3461,
frame_ms,0.3585,
frame_ms,0.352,
tick_us,2853.3,4358
frame_ms,6.0079,
frame_ms,0.5011,
frame_ms,0.3126,
tick_us,2767,4372
frame_ms,5.9956,
frame_ms,0.3351,
frame_ms,0.3442,
frame_ms,0.2941,
tick_us,2752,4432
frame_ms,5.8829,
frame_ms,0.3974,
frame_ms,0.3859,
frame_ms,0.3041,
tick_us,2817.2,4454
frame_ms,5.9713,
frame_ms,0.3299,
frame_ms,0.3457,
frame_ms,0.3662,
tick_us,2854.7,4482
frame_ms,6.073,
frame_ms,0.4446,
frame_ms,0.3758,
tick_us,2772.4,4502
frame_ms,5.9275,
frame_ms,0.3679,
frame_ms,0.3942,
frame_ms,0.3857,
tick_us,2773.9,4542
frame_ms,5.8801,
frame_ms,0.4485,
frame_ms,0.4258,
tick_us,2766.5,4528
frame_ms,5.94,
frame_ms,0.4201,
frame_ms,0.4748,
tick_us,2773.5,4484
frame_ms,5.9837,
frame_ms,0.3404,
frame_ms,0.3355,
frame_ms,0.3164,
tick_us,2979.6,4472
frame_ms,6.3054,
frame_ms,0.7035,
tick_us,2912.8,4462
frame_ms,6.4913,
frame_ms,0.3852,
tick_us,2784.2,4446
frame_ms,6.1546,
frame_ms,0.3694,
frame_ms,0.3252,
frame_ms,0.2935,
tick_us,2782.1,4442
frame_ms,5.9891,
frame_ms,0.4239,
frame_ms,0.3073,
tick_us,2766.4,4432
frame_ms,6.0728,
frame_ms,0.4752,
frame_ms,0.3402,
frame_ms,0.3173,
tick_us,2790.7,4438
frame_ms,5.9877,
frame_ms,0.3963,
frame_ms,0.3416,
tick_us,2778.5,4438
frame_ms,5.9365,
frame_ms,0.3673,
frame_ms,0.4363,
frame_ms,0.7736,
tick_us,2848.8,4414
frame_ms,6.3563,
tick_us,2865.6,4434
frame_ms,6.1526,
frame_ms,0.4294,
frame_ms,0.4112,
tick_us,2907.4,4458
frame_ms,6.1939,
frame_ms,0.5556,
frame_ms,0.4374,
tick_us,2824.5,4470
frame_ms,6.0355,
frame_ms,0.3779,
frame_ms,0.3938,
tick_us,2863,4494
frame_ms,6.2835,
frame_ms,0.4097,
frame_ms,0.3488,
tick_us,2813.8,4496
frame_ms,6.1994,
frame_ms,0.372,
frame_ms,0.4091,
tick_us,2814.1,4488
frame_ms,6.284,
frame_ms,0.4542,
tick_us,2812,4460
frame_ms,6.0325,
frame_ms,0.3712,
frame_ms,0.3625,
frame_ms,0.3729,
tick_us,2942.5,4420
frame_ms,6.3004,
frame_ms,0.3548,
tick_us,2897.1,4456
frame_ms,6.1504,
frame_ms,0.4033,
frame_ms,0.3791,
tick_us,2848.6,4494
frame_ms,6.2025,
frame_ms,0.38,
frame_ms,0.35,
tick_us,2852.5,4488
frame_ms,6.0647,
frame_ms,0.3393,
frame_ms,0.35,
frame_ms,0.347,
tick_us,2813.5,4444
frame_ms,6.0607,
frame_ms,0.3866,
frame_ms,0.3205,
tick_us,2784.9,4476
frame_ms,6.0952,
frame_ms,0.3854,
frame_ms,0.3594,
frame_ms,0.3446,
tick_us,2997.4,4482
frame_ms,6.2554,
frame_ms,0.3787,
frame_ms,0.3567,
tick_us,2799.1,4476
frame_ms,6.009,
frame_ms,0.7345,
tick_us,2819.2,4524
frame_ms,6.1011,
frame_ms,0.3559,
frame_ms,0.3575,
frame_ms,0.5169,
tick_us,2792.5,4506
frame_ms,6.0263,
frame_ms,1.4593,
tick_us,2896.7,4482
frame_ms,6.3008,
tick_us,2998.1,4484
frame_ms,6.3111,
frame_ms,1.164,
tick_us,2983.4,4482
frame_ms,6.3601,
tick_us,2818.2,4472
frame_ms,6.0817,
frame_ms,1.5586,
tick_us,3058.3,4466
frame_ms,6.4566,
tick_us,2832.3,4444
frame_ms,6.8405,
tick_us,2821.6,4406
frame_ms,6.9346,
tick_us,3019,4376
frame_ms,7.2494,
tick_us,2816.4,4390
frame_ms,6.8649,
tick_us,2832.4,4370
frame_ms,6.0853,
frame_ms,0.4076,
tick_us,2858.3,4354
frame_ms,6.0792,
frame_ms,0.3607,
frame_ms,0.3779,
tick_us,2842.6,4392
frame_ms,6.0995,
frame_ms,0.6168,
frame_ms,0.34,
tick_us,2808.9,4418
frame_ms,6.0632,
frame_ms,0.4385,
frame_ms,0.3649,
tick_us,2837.3,4434
frame_ms,6.1035,
frame_ms,0.3519,
frame_ms,0.3047,
frame_ms,0.3939,
tick_us,2790.2,4442
frame_ms,6.0024,
frame_ms,0.4305,
frame_ms,0.3964,
tick_us,2801.4,4422
frame_ms,6.2484,
frame_ms,0.434,
frame_ms,0.4636,
tick_us,2839,4418
frame_ms,6.028,
frame_ms,0.3949,
frame_ms,0.5998,
tick_us,2812.7,4438
frame_ms,6.1153,
frame_ms,0.4446,
tick_us,2952.9,4436
frame_ms,6.3343,
frame_ms,0.5694,
tick_us,2857.8,4452
frame_ms,6.2031,
frame_ms,0.3814,
frame_ms,0.3744,
tick_us,2818,4462
frame_ms,6.02,
frame_ms,0.3902,
frame_ms,0.5862,
tick_us,2794.9,4472
frame_ms,5.9578,
frame_ms,0.3852,
frame_ms,0.4267,
tick_us,3086,4454
frame_ms,6.7064,
frame_ms,0.4576,
tick_us,2809.6,4422
frame_ms,6.0358,
frame_ms,0.7218,
frame_ms,0.4566,
tick_us,2820.8,4448
frame_ms,6.3971,
frame_ms,0.4492,
tick_us,2824.5,4414
frame_ms,6.136,
frame_ms,0.4291,
frame_ms,0.4521,
tick_us,2913.7,4430
frame_ms,6.4616,
frame_ms,0.4934,
tick_us,2819.3,4462
frame_ms,6.0272,
frame_ms,0.4567,
frame_ms,0.3683,
tick_us,2843.2,4448
frame_ms,6.2585,
frame_ms,0.3804,
tick_us,2932,4458
frame_ms,6.4129,
frame_ms,0.6506,
tick_us,2847.3,4472
frame_ms,7.248,
tick_us,3067.8,4420
frame_ms,6.4633,
frame_ms,0.4914,
tick_us,2873.2,4454
frame_ms,7.0124,
tick_us,2845,4472
frame_ms,6.9963,
tick_us,2896.1,4458
frame_ms,7.139,
tick_us,2818.7,4434
frame_ms,6.6339,
tick_us,2851.3,4470
frame_ms,6.2981,
frame_ms,0.4209,
tick_us,2859.4,4508
frame_ms,6.1951,
frame_ms,0.387,
frame_ms,0.3829,
tick_us,3869,4560
frame_ms,7.1572,
tick_us,2871.2,4574
frame_ms,6.1618,
frame_ms,0.477,
tick_us,2914.4,4562
frame_ms,6.2676,
frame_ms,0.4515,
frame_ms,0.3827,
tick_us,2809,4554
frame_ms,6.028,
frame_ms,0.5193,
frame_ms,0.4784,
tick_us,2832.8,4552
frame_ms,6.1776,
frame_ms,0.5677,
tick_us,2812.6,4564
frame_ms,6.2725,
frame_ms,0.486,
frame_ms,0.4004,
tick_us,2807.1,4606
frame_ms,6.2315,
frame_ms,0.5964,
tick_us,2854.5,4604
frame_ms,6.1361,
frame_ms,0.4501,
frame_ms,0.538,
tick_us,2847.9,4612
frame_ms,6.2135,
frame_ms,0.3985,
tick_us,3002.5,4618
frame_ms,6.3763,
frame_ms,0.4736,
tick_us,2924.2,4576
frame_ms,6.2673,
frame_ms,0.535,
frame_ms,0.5727,
tick_us,2956.4,4554
frame_ms,6.3083,
frame_ms,0.4904,
tick_us,2882.2,4540
frame_ms,6.2116,
frame_ms,0.5743,
tick_us,2806.8,4528
frame_ms,6.3549,
frame_ms,0.4231,
tick_us,2827.2,4522
frame_ms,6.1875,
frame_ms,0.3788,
frame_ms,0.4078,
tick_us,2993.7,4568
frame_ms,6.4429,
frame_ms,0.4003,
frame_ms,0.4282,
tick_us,2808.8,4570
frame_ms,6.2397,
frame_ms,0.3615,
frame_ms,0.4907,
tick_us,2813.5,4580
frame_ms,6.1639,
frame_ms,0.3817,
tick_us,2928.2,4538
frame_ms,6.1926,
frame_ms,1.2257,
tick_us,2798.9,4518
frame_ms,6.0427,
frame_ms,0.9157,
tick_us,2893.9,4510
frame_ms,6.2602,
frame_ms,0.7675,
tick_us,2917.6,4498
frame_ms,6.3889,
tick_us,2820.7,4532
frame_ms,6.8352,
tick_us,2866.2,4556
frame_ms,7.241,
tick_us,3122.1,4546
frame_ms,7.8942,
tick_us,2829.8,4574
frame_ms,6.315,
tick_us,2819.5,4590
frame_ms,6.1173,
frame_ms,0.605,
tick_us,2916.9,4562
frame_ms,6.3144,
frame_ms,0.3737,
tick_us,2862.3,4548
frame_ms,6.2328,
frame_ms,0.3918,
frame_ms,0.3945,
tick_us,3292.8,4550
frame_ms,6.6411,
frame_ms,0.3912,
tick_us,2786.4,4544
frame_ms,6.0786,
frame_ms,0.3894,
frame_ms,0.3667,
tick_us,2821.1,4526
frame_ms,6.1941,
frame_ms,0.424,
frame_ms,0.408,
tick_us,2806.7,4536
frame_ms,6.0551,
frame_ms,0.3759,
frame_ms,0.4042,
tick_us,2848.5,4494
frame_ms,6.0945,
frame_ms,1.0205,
tick_us,2829.7,4476
frame_ms,6.0777,
frame_ms,0.3738,
frame_ms,0.4464,
tick_us,2818.1,4466
frame_ms,6.0128,
frame_ms,0.393,
frame_ms,0.468,
tick_us,2973.5,4476
frame_ms,6.2629,
frame_ms,0.5539,
tick_us,2814.5,4458
frame_ms,6.1547,
frame_ms,0.5642,
frame_ms,0.4052,
tick_us,2939.6,4488
frame_ms,6.1576,
frame_ms,0.5078,
frame_ms,0.3996,
tick_us,2825.3,4484
frame_ms,6.0568,
frame_ms,0.3684,
frame_ms,0.3597,
tick_us,2809.8,4502
frame_ms,5.9803,
frame_ms,0.4964,
frame_ms,0.5229,
tick_us,2798.9,4518
frame_ms,5.9896,
frame_ms,0.3747,
frame_ms,0.3633,
tick_us,2822,4492
frame_ms,6.2461,
frame_ms,0.5783,
frame_ms,0.3207,
tick_us,2823.2,4476
frame_ms,5.9903,
frame_ms,0.4166,
frame_ms,0.5629,
tick_us,2864,4476
frame_ms,6.2484,
frame_ms,0.4131,
tick_us,2820.7,4502
frame_ms,6.1372,
frame_ms,0.8246,
tick_us,2806.4,4516
frame_ms,6.0518,
frame_ms,0.929,
tick_us,2886.4,4544
frame_ms,6.2697,
frame_ms,0.7389,
tick_us,2826.8,4556
frame_ms,6.4292,
frame_ms,0.9566,
tick_us,2791.6,4544
frame_ms,6.1621,
frame_ms,1.0939,
tick_us,2787.9,4580
frame_ms,6.11,
tick_us,2778.3,4576
frame_ms,6.0566,
frame_ms,0.4082,
frame_ms,0.4362,
frame_ms,0.3031,
tick_us,2798,4536
frame_ms,6.7319,
tick_us,2791.3,4560
frame_ms,6.0175,
frame_ms,0.3649,
frame_ms,0.3751,
frame_ms,0.4305,
tick_us,2850.3,4590
frame_ms,7.5555,
tick_us,2802.8,4606
frame_ms,6.1571,
tick_us,2870,4592
frame_ms,6.265,
frame_ms,0.396,
frame_ms,0.3608,
tick_us,2832.9,4572
frame_ms,6.2519,
frame_ms,0.3397,
frame_ms,0.4028,
tick_us,2960.6,4568
frame_ms,6.2953,
frame_ms,0.393,
tick_us,2803.1,4550
frame_ms,6.1115,
frame_ms,0.364,
frame_ms,0.3394,
frame_ms,0.3125,
tick_us,2788.5,4532
frame_ms,6.0801,
frame_ms,0.3926,
frame_ms,0.4283,
tick_us,2815.4,4518
frame_ms,6.0192,
frame_ms,0.4427,
frame_ms,0.4086,
tick_us,2851.2,4500
frame_ms,6.1107,
frame_ms,0.4383,
frame_ms,0.5736,
tick_us,2825.5,4472
frame_ms,6.025,
frame_ms,0.4989,
frame_ms,0.3188,
tick_us,2788.9,4458
frame_ms,6.1289,
frame_ms,0.4721,
frame_ms,0.421,
tick_us,2881.7,4502
frame_ms,6.1573,
frame_ms,0.3974,
frame_ms,0.377,
tick_us,2819.1,4516
frame_ms,6.0017,
frame_ms,0.3957,
frame_ms,0.3642,
tick_us,2831.8,4516
frame_ms,6.2712,
frame_ms,0.8236,
tick_us,2905.9,4494
frame_ms,6.4275,
frame_ms,0.5503,
tick_us,2867.9,4498
frame_ms,6.7174,
tick_us,3040.7,4506
frame_ms,7.3637,
tick_us,2913.1,4504
frame_ms,6.5887,
tick_us,3056.3,4514
frame_ms,6.8679,
tick_us,2944,4528
frame_ms,6.9855,
tick_us,3119.1,4520
frame_ms,7.0205,
tick_us,2800.7,4496
frame_ms,6.4906,
frame_ms,0.8727,
tick_us,3039,4450
frame_ms,6.4512,
tick_us,2840.4,4440
frame_ms,6.336,
frame_ms,1.4016,
tick_us,3060.1,4440
frame_ms,7.1238,
tick_us,2993.5,4422
frame_ms,7.4021,
tick_us,2887.1,4416
frame_ms,8.0083,
tick_us,2876,4394
frame_ms,6.6075,
tick_us,2863.4,4452
frame_ms,6.8353,
tick_us,2929.8,4482
frame_ms,6.5819,
tick_us,2802.1,4424
frame_ms,6.286,
tick_us,2904.6,4432
frame_ms,6.1792,
tick_us,2788.5,4484
frame_ms,6.1085,
frame_ms,0.4161,
frame_ms,0.3921,
tick_us,2849.5,4480
frame_ms,6.0836,
frame_ms,0.4619,
frame_ms,0.4415,
tick_us,2859.3,4510
frame_ms,6.0954,
frame_ms,0.4378,
frame_ms,0.3793,
tick_us,2796.8,4504
frame_ms,6.0405,
frame_ms,0.386,
frame_ms,0.3778,
tick_us,2832.6,4474
frame_ms,6.0579,
frame_ms,0.5408,
frame_ms,0.4036,
tick_us,2871,4442
frame_ms,6.3073,
frame_ms,0.8313,
tick_us,3369.2,4428
frame_ms,7.1043,
tick_us,2950.1,4468
frame_ms,7.1424,
tick_us,3114.8,4500
frame_ms,7.1049,
tick_us,2985.2,4468
frame_ms,6.7598,
tick_us,3084.2,4470
frame_ms,6.7897,
tick_us,3139.4,4462
frame_ms,7.9578,
tick_us,3189,4420
frame_ms,7.6765,
tick_us,3162.2,4410
frame_ms,7.4624,
tick_us,3101.8,4410
frame_ms,7.1697,
tick_us,2996.8,4400
frame_ms,7.0338,
tick_us,2956.5,4400
frame_ms,6.8397,
tick_us,2991,4408
frame_ms,6.6853,
tick_us,3036.4,4428
frame_ms,6.9024,
tick_us,2919.2,4444
frame_ms,6.3359,
tick_us,3079.8,4452
frame_ms,6.5754,
tick_us,3096.1,4430
frame_ms,6.7475,
tick_us,2996.5,4458
frame_ms,6.6145,
tick_us,2962.5,4454
frame_ms,6.5345,
tick_us,2824,4466
frame_ms,6.1399,
tick_us,2820.9,4478
frame_ms,6.1424,
frame_ms,0.4379,
frame_ms,0.4636,
tick_us,2965.6,4546
frame_ms,6.1844,
frame_ms,0.5824,
frame_ms,0.4075,
tick_us,2823.9,4518
frame_ms,6.1715,
frame_ms,0.4085,
tick_us,2853,4516
frame_ms,6.3524,
frame_ms,0.4922,
frame_ms,0.4366,
tick_us,2876.2,4536
frame_ms,6.1982,
frame_ms,0.5199,
tick_us,2830.9,4530
frame_ms,6.1001,
frame_ms,0.3962,
frame_ms,0.3439,
frame_ms,0.4314,
tick_us,2795.9,4528
frame_ms,6.0838,
frame_ms,0.4135,
tick_us,2883.2,4538
frame_ms,6.1787,
frame_ms,0.4406,
frame_ms,0.3859,
tick_us,2810.2,4514
frame_ms,6.0731,
frame_ms,0.3809,
frame_ms,0.3501,
frame_ms,0.358,
tick_us,2829.4,4516
frame_ms,6.0471,
frame_ms,0.4139,
frame_ms,0.404,
tick_us,2960,4464
frame_ms,6.3187,
frame_ms,0.4284,
tick_us,2778.9,4478
frame_ms,5.9919,
frame_ms,0.3448,
frame_ms,0.4013,
frame_ms,0.3255,
tick_us,2836.4,4460
frame_ms,6.4718,
frame_ms,0.4662,
tick_us,2870.3,4466
frame_ms,6.1361,
frame_ms,0.4705,
frame_ms,0.4286,
tick_us,2780.3,4454
frame_ms,5.9364,
frame_ms,0.3755,
frame_ms,0.5796,
tick_us,2798.8,4420
frame_ms,6.1883,
frame_ms,0.5758,
frame_ms,0.385,
tick_us,2794.5,4386
frame_ms,5.9876,
frame_ms,0.3357,
frame_ms,0.3519,
tick_us,2873.9,4368
frame_ms,6.0749,
frame_ms,0.4147,
frame_ms,0.3439,
frame_ms,0.3127,
tick_us,2795.5,4340
frame_ms,6.1188,
frame_ms,0.3778,
frame_ms,0.3283,
tick_us,2860.2,4342
frame_ms,6.2068,
frame_ms,0.4905,
frame_ms,0.4529,
tick_us,2884.4,4334
frame_ms,6.1097,
frame_ms,0.3901,
frame_ms,0.3924,
tick_us,2770.4,4300
frame_ms,6.0796,
frame_ms,0.439,
frame_ms,0.3378,
tick_us,2764.8,4306
frame_ms,5.9102,
frame_ms,0.3248,
frame_ms,0.333,
frame_ms,0.3037,
tick_us,2759.3,4306
frame_ms,6.063,
frame_ms,0.6408,
frame_ms,0.3795,
tick_us,2794.1,4364
frame_ms,5.9978,
frame_ms,0.4904,
frame_ms,0.2819,
tick_us,2762.4,4352
frame_ms,5.8887,
frame_ms,0.415,
frame_ms,0.3978,
frame_ms,0.3196,
tick_us,2838,4346
frame_ms,6.0258,
frame_ms,0.3685,
frame_ms,0.4162,
tick_us,2792.9,4364
frame_ms,6.0258,
frame_ms,0.344,
frame_ms,0.2918,
frame_ms,0.3338,
tick_us,2767.7,4350
frame_ms,6.0871,
frame_ms,0.5807,
frame_ms,0.4189,
tick_us,2850.8,4386
frame_ms,6.0619,
frame_ms,0.3464,
frame_ms,0.3716,
tick_us,2831.4,4412
frame_ms,6.1403,
frame_ms,0.3495,
frame_ms,0.3278,
frame_ms,0.3652,
tick_us,2794.3,4402
frame_ms,6.0118,
frame_ms,0.3652,
frame_ms,0.4086,
tick_us,2806.7,4410
frame_ms,6.0319,
frame_ms,0.6624,
tick_us,2813.2,4456
frame_ms,6.3615,
frame_ms,0.6112,
frame_ms,0.3626,
tick_us,2784.5,4428
frame_ms,5.9517,
frame_ms,0.3814,
frame_ms,0.3659,
tick_us,2881.7,4444
frame_ms,6.0977,
frame_ms,0.3678,
frame_ms,0.3859,
frame_ms,0.3104,
tick_us,2781.4,4458
frame_ms,5.9607,
frame_ms,0.3859,
frame_ms,0.3301,
tick_us,2789.7,4436
frame_ms,5.9741,
frame_ms,0.448,
frame_ms,0.3471,
frame_ms,0.3044,
tick_us,2774.1,4418
frame_ms,5.9973,
frame_ms,0.4148,
frame_ms,0.3445,
frame_ms,0.3342,
tick_us,2777.1,4398
frame_ms,5.9524,
frame_ms,0.3621,
frame_ms,0.3379,
frame_ms,0.3311,
tick_us,2776.4,4412
frame_ms,5.906,
frame_ms,0.3594,
frame_ms,0.3404,
tick_us,2865.5,4418
frame_ms,6.1571,
frame_ms,0.3815,
frame_ms,0.3244,
frame_ms,0.3235,
tick_us,2869.2,4470
frame_ms,6.2884,
frame_ms,0.3642,
frame_ms,0.3147,
tick_us,2802.7,4450
frame_ms,5.9518,
frame_ms,0.5278,
frame_ms,0.4794,
tick_us,2953.2,4412
frame_ms,6.1875,
frame_ms,0.3651,
frame_ms,0.3716,
tick_us,2778,4452
frame_ms,5.9878,
frame_ms,0.3551,
frame_ms,0.4021,
tick_us,2839.1,4436
frame_ms,6.1628,
frame_ms,0.4732,
frame_ms,0.3517,
tick_us,2799.6,4456
frame_ms,5.961,
frame_ms,0.3246,
frame_ms,0.3687,
frame_ms,0.3499,
tick_us,2797.5,4486
frame_ms,6.1206,
frame_ms,0.3735,
frame_ms,0.4767,
tick_us,2842.6,4504
frame_ms,6.16,
frame_ms,0.3764,
frame_ms,0.4425,
tick_us,2923.3,4532
frame_ms,6.1683,
frame_ms,0.4038,
frame_ms,0.3578,
tick_us,3010,4490
frame_ms,6.3344,
frame_ms,0.4996,
tick_us,2780.2,4490
frame_ms,5.942,
frame_ms,0.3694,
frame_ms,0.3061,
frame_ms,0.3502,
tick_us,2773.4,4486
frame_ms,5.9704,
frame_ms,0.3392,
frame_ms,0.3297,
frame_ms,0.3925,
tick_us,2828.7,4494
frame_ms,6.0397,
frame_ms,0.3826,
frame_ms,0.3414,
tick_us,2857.5,4502
frame_ms,6.0357,
frame_ms,0.4731,
frame_ms,0.3712,
frame_ms,0.4517,
tick_us,2822.7,4530
frame_ms,6.0274,
frame_ms,0.3765,
frame_ms,0.3745,
tick_us,2800.5,4494
frame_ms,6.1169,
frame_ms,0.5322,
frame_ms,0.3418,
tick_us,2833.5,4516
frame_ms,6.0284,
frame_ms,0.4123,
frame_ms,0.3261,
tick_us,2805.7,4510
frame_ms,6.044,
frame_ms,0.9684,
tick_us,2888.7,4506
frame_ms,6.2502,
frame_ms,0.5012,
frame_ms,0.3217,
tick_us,2796.1,4538
frame_ms,5.9603,
frame_ms,0.4424,
frame_ms,0.4009,
tick_us,2902.3,4564
frame_ms,6.1919,
frame_ms,0.4018,
frame_ms,0.3549,
tick_us,2847.4,4564
frame_ms,6.0103,
frame_ms,0.3352,
frame_ms,0.313,
frame_ms,0.4386,
tick_us,2827.2,4556
frame_ms,6.0234,
frame_ms,0.4078,
frame_ms,0.3653,
tick_us,2811.4,4548
frame_ms,5.978,
frame_ms,0.4219,
frame_ms,0.2805,
frame_ms,0.4098,
tick_us,2810.5,4532
frame_ms,6.12,
frame_ms,0.387,
frame_ms,0.3121,
tick_us,2805.6,4504
frame_ms,6.0373,
frame_ms,0.4286,
frame_ms,0.4069,
tick_us,2798,4564
frame_ms,6.1116,
frame_ms,0.3919,
frame_ms,0.357,
tick_us,2797,4562
frame_ms,6.0105,
frame_ms,0.3328,
frame_ms,0.4838,
frame_ms,0.2983,
tick_us,2772.6,4590
frame_ms,5.8891,
frame_ms,0.3838,
frame_ms,0.3313,
frame_ms,0.3383,
tick_us,2864.1,4560
frame_ms,6.2895,
frame_ms,0.3925,
frame_ms,0.3289,
tick_us,2787.7,4592
frame_ms,5.9709,
frame_ms,0.3618,
frame_ms,0.333,
frame_ms,0.4668,
tick_us,2852.7,4602
frame_ms,6.0274,
frame_ms,0.437,
frame_ms,0.3879,
tick_us,2835.7,4622
frame_ms,6.0152,
frame_ms,0.3737,
frame_ms,0.3126,
tick_us,2811.6,4608
frame_ms,6.0951,
frame_ms,0.3924,
frame_ms,0.4485,
tick_us,2841.3,4606
frame_ms,6.1449,
frame_ms,0.4329,
frame_ms,0.3973,
tick_us,2800,4608
frame_ms,6.2245,
frame_ms,0.593,
tick_us,2836.9,4604
frame_ms,6.1307,
frame_ms,0.5041,
frame_ms,0.4336,
tick_us,2926.3,4554
frame_ms,6.3243,
frame_ms,0.4854,
tick_us,2900.9,4510
frame_ms,6.3682,
frame_ms,0.3606,
frame_ms,0.3294,
tick_us,2792.8,4512
frame_ms,6.0037,
frame_ms,0.3594,
frame_ms,0.3926,
frame_ms,0.3259,
tick_us,2835.8,4500
frame_ms,6.0421,
frame_ms,0.4056,
frame_ms,0.3535,
tick_us,2787,4502
frame_ms,5.9708,
frame_ms,0.3902,
frame_ms,0.3512,
frame_ms,0.3092,
tick_us,2764.3,4470
frame_ms,5.9113,
frame_ms,0.467,
frame_ms,0.4286,
tick_us,2796.8,4448
frame_ms,5.9762,
frame_ms,0.3477,
frame_ms,0.3506,
frame_ms,0.384,
tick_us,2764.7,4450
frame_ms,5.8925,
frame_ms,0.4372,
frame_ms,0.3122,
frame_ms,0.3102,
tick_us,2794.9,4462
frame_ms,6.0828,
frame_ms,0.5244,
frame_ms,0.3375,
tick_us,2766.1,4482
frame_ms,6.0094,
frame_ms,0.3606,
frame_ms,0.7628,
tick_us,2863.6,4424
frame_ms,6.1513,
frame_ms,0.3764,
frame_ms,0.3255,
tick_us,3139.6,4438
frame_ms,6.3943,
frame_ms,0.3665,
tick_us,2786,4436
frame_ms,5.9742,
frame_ms,0.3932,
frame_ms,0.39,
frame_ms,0.4,
tick_us,2791.6,4506
frame_ms,6.0124,
frame_ms,0.3447,
frame_ms,0.3876,
tick_us,2794.2,4520
frame_ms,6.0253,
frame_ms,0.3527,
frame_ms,0.3049,
frame_ms,0.3123,
tick_us,2768.9,4500
frame_ms,5.983,
frame_ms,0.3646,
frame_ms,0.3893,
frame_ms,0.3955,
tick_us,2814.8,4526
frame_ms,5.9633,
frame_ms,0.6233,
frame_ms,0.3634,
tick_us,2809.3,4520
frame_ms,6.3421,
frame_ms,0.3609,
tick_us,2795.8,4500
frame_ms,6.1681,
frame_ms,0.4677,
frame_ms,0.35,
tick_us,2807.9,4482
frame_ms,5.9904,
frame_ms,0.3627,
frame_ms,0.3135,
frame_ms,0.321,
tick_us,2781,4470
frame_ms,5.9941,
frame_ms,0.332,
frame_ms,0.3023,
frame_ms,0.4671,
tick_us,2876.6,4482
frame_ms,6.1532,
frame_ms,0.3687,
frame_ms,0.3275,
tick_us,2793.9,4478
frame_ms,5.989,
frame_ms,0.3796,
frame_ms,0.3134,
frame_ms,0.3074,
tick_us,2906.4,4432
frame_ms,6.1109,
frame_ms,0.3801,
frame_ms,0.3202,
tick_us,2800.9,4480
frame_ms,5.9875,
frame_ms,0.3855,
frame_ms,0.3687,
tick_us,2919.2,4498
frame_ms,6.3243,
frame_ms,0.3984,
frame_ms,0.3626,
tick_us,2820.4,4506
frame_ms,5.9923,
frame_ms,0.3641,
frame_ms,0.3148,
frame_ms,0.2907,
tick_us,2781.2,4508
frame_ms,5.9942,
frame_ms,0.3362,
frame_ms,0.4842,
tick_us,2874.1,4482
frame_ms,6.1759,
frame_ms,0.4052,
frame_ms,0.3523,
frame_ms,0.3211,
tick_us,2787.1,4494
frame_ms,5.9372,
frame_ms,0.3201,
frame_ms,0.3181,
frame_ms,0.3087,
tick_us,2820.3,4484
frame_ms,6.0423,
frame_ms,0.4479,
frame_ms,0.4082,
tick_us,2892.2,4508
frame_ms,6.2468,
frame_ms,0.4376,
frame_ms,0.3467,
tick_us,2926.3,4474
frame_ms,6.3766,
frame_ms,0.55,
tick_us,2831.2,4486
frame_ms,6.1856,
frame_ms,0.463,
frame_ms,0.4079,
tick_us,2852.3,4462
frame_ms,6.0997,
frame_ms,0.4003,
frame_ms,0.3278,
tick_us,2960.5,4470
frame_ms,6.3179,
frame_ms,0.3871,
tick_us,2915.5,4454
frame_ms,6.5917,
frame_ms,0.4883,
tick_us,2850.6,4462
frame_ms,6.0913,
frame_ms,0.3889,
frame_ms,0.3252,
tick_us,2784.9,4454
frame_ms,5.9873,
frame_ms,0.3241,
frame_ms,0.3544,
frame_ms,0.3242,
tick_us,2972.2,4430
frame_ms,6.2636,
frame_ms,0.4246,
frame_ms,0.3563,
tick_us,2871.8,4434
frame_ms,6.0415,
frame_ms,0.3615,
frame_ms,0.3753,
frame_ms,0.3355,
tick_us,2813,4452
frame_ms,6.1336,
frame_ms,0.3801,
frame_ms,0.366,
tick_us,2811.6,4474
frame_ms,6.2161,
frame_ms,0.3599,
frame_ms,0.4287,
tick_us,2817.2,4444
frame_ms,6.9801,
tick_us,2839.3,4388
frame_ms,6.2764,
frame_ms,0.4031,
tick_us,2835.9,4386
frame_ms,6.2075,
frame_ms,0.7671,
tick_us,2815.6,4342
frame_ms,6.073,
frame_ms,0.356,
frame_ms,0.3318,
frame_ms,0.3245,
tick_us,2831.3,4380
frame_ms,6.0129,
frame_ms,0.3687,
frame_ms,0.41,
tick_us,2810.1,4420
frame_ms,6.0041,
frame_ms,0.3886,
frame_ms,0.3396,
frame_ms,0.5239,
tick_us,2866,4426
frame_ms,6.062,
frame_ms,0.368,
frame_ms,0.3757,
tick_us,2933.5,4438
frame_ms,6.1765,
frame_ms,0.3997,
frame_ms,0.3415,
tick_us,2853.9,4454
frame_ms,6.0657,
frame_ms,0.3409,
frame_ms,0.3448,
tick_us,2801.7,4464
frame_ms,6.1516,
frame_ms,0.409,
frame_ms,0.3434,
tick_us,2825.1,4462
frame_ms,6.1476,
frame_ms,0.5429,
frame_ms,0.3928,
tick_us,2903.2,4476
frame_ms,6.2082,
frame_ms,0.7583,
tick_us,2843,4478
frame_ms,6.2672,
frame_ms,0.5044,
tick_us,2834.4,4468
frame_ms,6.1641,
frame_ms,0.426,
frame_ms,0.4506,
tick_us,2870.5,4484
frame_ms,6.269,
frame_ms,0.3987,
frame_ms,0.516,
tick_us,2779.8,4464
frame_ms,5.9589,
frame_ms,0.3345,
frame_ms,0.3352,
tick_us,2772.5,4450
frame_ms,5.9903,
frame_ms,0.3619,
frame_ms,0.3233,
frame_ms,0.2878,
tick_us,2803,4462
frame_ms,5.9491,
frame_ms,0.4207,
frame_ms,0.3193,
frame_ms,0.2982,
tick_us,2786.2,4424
frame_ms,5.9812,
frame_ms,0.3588,
frame_ms,0.3463,
frame_ms,0.3018,
tick_us,2825.6,4402
frame_ms,5.9992,
frame_ms,0.5119,
frame_ms,0.3202,
tick_us,2886.6,4424
frame_ms,6.2627,
frame_ms,1.0319,
tick_us,2828.6,4462
frame_ms,6.1267,
frame_ms,0.3623,
frame_ms,0.3366,
tick_us,2789.5,4466
frame_ms,5.9741,
frame_ms,0.3649,
frame_ms,0.3382,
frame_ms,0.3088,
tick_us,2812.6,4466
frame_ms,6.0476,
frame_ms,0.4341,
frame_ms,0.3532,
tick_us,2801.4,4454
frame_ms,5.9918,
frame_ms,0.3404,
frame_ms,0.3407,
frame_ms,0.3033,
tick_us,2824.7,4450
frame_ms,6.0663,
frame_ms,0.3805,
frame_ms,0.3513,
tick_us,2796.1,4444
frame_ms,5.9495,
frame_ms,0.3847,
frame_ms,0.3168,
frame_ms,0.3106,
tick_us,2780.6,4404
frame_ms,6.4267,
frame_ms,0.4379,
tick_us,2878.9,4428
frame_ms,6.0886,
frame_ms,0.5657,
frame_ms,0.3968,
tick_us,2800.9,4394
frame_ms,6.0421,
tick_us,2953.1,4402
frame_ms,7.6794,
tick_us,2837.5,4440
frame_ms,6.1611,
frame_ms,0.3839,
frame_ms,0.4286,
tick_us,2847.3,4434
frame_ms,6.2078,
frame_ms,0.7911,
tick_us,2854.2,4448
frame_ms,6.3087,
frame_ms,0.3613,
frame_ms,0.3351,
tick_us,2804.4,4476
frame_ms,6.3958,
frame_ms,0.3949,
frame_ms,0.3842,
tick_us,2807.2,4448
frame_ms,5.9665,
frame_ms,0.3499,
frame_ms,0.3725,
tick_us,2900.6,4414
frame_ms,6.324,
frame_ms,0.3684,
frame_ms,0.3722,
tick_us,2799.4,4392
frame_ms,6.1256,
frame_ms,0.5102,
frame_ms,0.3049,
tick_us,2786.9,4368
frame_ms,5.9379,
frame_ms,0.3901,
frame_ms,0.5491,
tick_us,2898.1,4392
frame_ms,6.3939,
frame_ms,0.3886,
frame_ms,0.3811,
tick_us,2830.4,4414
frame_ms,6.2056,
frame_ms,0.4318,
tick_us,2932.5,4376
frame_ms,6.3349,
frame_ms,0.551,
tick_us,2850.3,4428
frame_ms,6.1698,
frame_ms,0.5012,
frame_ms,0.4142,
tick_us,2849.5,4402
frame_ms,6.0749,
frame_ms,0.4863,
frame_ms,0.3582,
tick_us,2811.7,4422
frame_ms,6.0494,
frame_ms,0.3557,
frame_ms,0.5066,
tick_us,2831.9,4464
frame_ms,6.2397,
frame_ms,0.4324,
frame_ms,0.329,
tick_us,2810.7,4488
frame_ms,5.9872,
frame_ms,0.315,
frame_ms,0.5461,
tick_us,2795.2,4490
frame_ms,6.0116,
frame_ms,0.3882,
frame_ms,0.8977,
tick_us,2791.6,4512
frame_ms,6.002,
frame_ms,0.3575,
frame_ms,0.3844,
tick_us,2869.3,4518
frame_ms,6.0725,
frame_ms,0.3435,
frame_ms,0.3347,
frame_ms,0.4248,
tick_us,2842.9,4490
frame_ms,6.0679,
frame_ms,0.3928,
frame_ms,0.3976,
tick_us,2809.3,4470
frame_ms,6.001,
frame_ms,0.4055,
frame_ms,0.3719,
tick_us,2788.1,4526
frame_ms,6.0345,
frame_ms,0.4386,
frame_ms,0.4698,
tick_us,2805.1,4552
frame_ms,6.0877,
frame_ms,0.3325,
frame_ms,0.3226,
frame_ms,0.3359,
tick_us,2805.4,4524
frame_ms,6.1858,
frame_ms,0.6984,
tick_us,2821.9,4498
frame_ms,6.1446,
frame_ms,0.3521,
frame_ms,0.3301,
tick_us,2778.2,4512
frame_ms,5.9325,
frame_ms,0.362,
frame_ms,0.3705,
frame_ms,0.7308,
tick_us,2855,4506
frame_ms,6.2256,
frame_ms,0.4141,
tick_us,2785.1,4534
frame_ms,5.9454,
frame_ms,0.3833,
frame_ms,0.3163,
frame_ms,0.3573,
tick_us,2797.2,4482
frame_ms,6.0315,
frame_ms,0.454,
frame_ms,0.4558,
tick_us,2807,4484
frame_ms,5.9958,
frame_ms,0.3384,
frame_ms,0.3728,
tick_us,2816.3,4458
frame_ms,6.0954,
frame_ms,0.4693,
frame_ms,0.3699,
tick_us,2837.7,4472
frame_ms,6.0519,
frame_ms,0.3347,
frame_ms,0.3562,
frame_ms,0.3151,
tick_us,2779.7,4468
frame_ms,5.9872,
frame_ms,0.3525,
frame_ms,0.3631,
frame_ms,0.3482,
tick_us,2831.1,4492
frame_ms,5.9962,
frame_ms,0.5142,
frame_ms,0.3368,
tick_us,2793.1,4470
frame_ms,6.0305,
frame_ms,0.3583,
frame_ms,0.3626,
tick_us,2969.7,4486
frame_ms,6.3118,
frame_ms,0.361,
frame_ms,0.3383,
tick_us,2799.1,4524
frame_ms,6.0598,
frame_ms,0.368,
frame_ms,0.4126,
tick_us,2955.8,4550
frame_ms,6.3288,
frame_ms,0.5016,
frame_ms,0.4456,
tick_us,2793.6,4534
frame_ms,6.0044,
frame_ms,0.563,
frame_ms,0.4571,
tick_us,2829.7,4568
frame_ms,6.3384,
frame_ms,0.5727,
tick_us,2863.9,4586
frame_ms,6.1465,
frame_ms,0.5231,
tick_us,2808.1,4554
frame_ms,6.2105,
frame_ms,0.4915,
frame_ms,0.4872,
tick_us,2978.6,4566
frame_ms,6.4298,
frame_ms,0.5477,
tick_us,2949,4588
frame_ms,6.9037,
tick_us,2935.8,4574
frame_ms,6.4023,
frame_ms,0.5332,
tick_us,2881.7,4592
frame_ms,6.3491,
frame_ms,0.7379,
tick_us,2994.3,4576
frame_ms,6.3851,
frame_ms,0.5013,
tick_us,2844.5,4552
frame_ms,6.1,
frame_ms,0.3932,
frame_ms,0.3865,
tick_us,2833.4,4558
frame_ms,6.0506,
frame_ms,0.5052,
frame_ms,0.4313,
tick_us,2773.8,4562
frame_ms,5.8984,
frame_ms,0.3627,
frame_ms,0.3944,
tick_us,2838.6,4574
frame_ms,6.0573,
frame_ms,0.4478,
frame_ms,0.3024,
frame_ms,0.3071,
tick_us,2775.8,4570
frame_ms,5.9245,
frame_ms,0.5212,
frame_ms,0.2884,
tick_us,2831.3,4592
frame_ms,6.0575,
frame_ms,0.8195,
frame_ms,0.4252,
tick_us,2847,4570
frame_ms,6.0769,
frame_ms,0.3551,
frame_ms,0.2868,
tick_us,2765.9,4562
frame_ms,5.8881,
frame_ms,0.3193,
frame_ms,0.288,
frame_ms,0.2816,
frame_ms,0.2862,
tick_us,2813.5,4528
frame_ms,6.2304,
frame_ms,0.4696,
tick_us,2775.4,4512
frame_ms,5.9742,
frame_ms,0.3861,
frame_ms,0.3238,
frame_ms,0.4467,
tick_us,2877.1,4514
frame_ms,6.232,
frame_ms,0.5145,
tick_us,2830.2,4526
frame_ms,6.0934,
frame_ms,0.3609,
frame_ms,0.3887,
frame_ms,0.3362,
tick_us,2817.1,4530
frame_ms,6.0158,
frame_ms,0.3758,
frame_ms,0.4579,
tick_us,2806.4,4482
frame_ms,5.9942,
frame_ms,0.4835,
frame_ms,0.32,
frame_ms,0.3342,
tick_us,2758.7,4480
frame_ms,5.9629,
frame_ms,0.4309,
frame_ms,0.3299,
tick_us,2806,4508
frame_ms,6.0041,
frame_ms,0.3458,
frame_ms,0.3273,
frame_ms,0.3233,
tick_us,2770.2,4528
frame_ms,5.9256,
frame_ms,0.388,
frame_ms,0.3139,
frame_ms,0.6455,
tick_us,2818.7,4506
frame_ms,6.0751,
frame_ms,0.3366,
tick_us,2787.1,4532
frame_ms,6.1554,
frame_ms,0.3649,
frame_ms,0.3135,
frame_ms,0.3903,
tick_us,2769,4526
frame_ms,5.9206,
frame_ms,0.3532,
frame_ms,0.3259,
frame_ms,0.2942,
tick_us,2769.9,4554
frame_ms,5.9315,
frame_ms,0.4164,
frame_ms,0.3968,
frame_ms,0.291,
tick_us,2775.1,4556
frame_ms,6.1844,
frame_ms,0.5173,
tick_us,2843.7,4574
frame_ms,6.1037,
frame_ms,0.5406,
frame_ms,0.3297,
tick_us,2837.1,4600
frame_ms,6.1934,
frame_ms,0.4539,
frame_ms,0.4026,
tick_us,2786.3,4598
frame_ms,6.0235,
frame_ms,0.3614,
frame_ms,0.3216,
frame_ms,0.4033,
tick_us,2777,4596
frame_ms,5.9351,
frame_ms,0.7842,
tick_us,2854,4586
frame_ms,6.1602,
frame_ms,0.3934,
frame_ms,0.3273,
tick_us,2769.3,4602
frame_ms,5.9702,
frame_ms,0.3372,
frame_ms,0.2869,
frame_ms,0.2769,
frame_ms,0.296,
tick_us,2796.7,4634
frame_ms,6.0125,
frame_ms,0.4014,
frame_ms,0.4631,
tick_us,2812.6,4640
frame_ms,6.0463,
frame_ms,0.387,
frame_ms,0.3479,
tick_us,2792.4,4646
frame_ms,6.0428,
frame_ms,0.5002,
frame_ms,0.4978,
tick_us,2838.1,4660
frame_ms,6.0425,
frame_ms,0.5094,
frame_ms,0.2953,
tick_us,2875.4,4654
frame_ms,6.3506,
frame_ms,0.4213,
frame_ms,0.334,
tick_us,2799,4646
frame_ms,5.9768,
frame_ms,0.3514,
frame_ms,0.3184,
frame_ms,0.3108,
tick_us,2790.5,4644
frame_ms,5.9252,
frame_ms,0.2982,
frame_ms,0.2862,
frame_ms,0.9205,
tick_us,2799.4,4656
frame_ms,6.0474,
frame_ms,0.4959,
tick_us,2884.6,4644
frame_ms,6.1775,
frame_ms,0.5991,
tick_us,2969.2,4634
frame_ms,6.315,
frame_ms,0.659,
tick_us,2896.7,4624
frame_ms,6.295,
frame_ms,0.5686,
tick_us,2988.1,4600
frame_ms,6.6887,
frame_ms,0.7325,
tick_us,2870.1,4592
frame_ms,6.5298,
tick_us,3001.8,4612
frame_ms,6.7744,
tick_us,2842.4,4588
frame_ms,6.4393,
frame_ms,0.609,
tick_us,2861.3,4584
frame_ms,6.3894,
frame_ms,1.3505,
tick_us,3013.2,4566
frame_ms,6.9759,
tick_us,3410,4540
frame_ms,7.7702,
tick_us,3484.2,4554
frame_ms,8.2046,
tick_us,3513.5,4508
frame_ms,8.0309,
tick_us,3117.8,4506
frame_ms,7.2723,
tick_us,3376.1,4526
frame_ms,7.9935,
tick_us,3111.2,4524
frame_ms,7.8082,
tick_us,3123.8,4512
frame_ms,8.5609,
tick_us,3452.6,4556
tick_us,3618,4534
frame_ms,16.8902,
tick_us,3290.4,4522
tick_us,3336.3,4502
frame_ms,14.5558,
tick_us,3307.1,4536
tick_us,3145.8,4542
frame_ms,14.2211,
tick_us,3253.2,4522
tick_us,3265.4,4574
frame_ms,14.5385,
tick_us,3331.4,4582
tick_us,3136.3,4542
frame_ms,14.5072,
tick_us,3208.3,4542
tick_us,2890.4,4564
frame_ms,13.4952,
tick_us,3406.2,4572
tick_us,2772.2,4574
frame_ms,13.1242,
tick_us,2892,4586
tick_us,2931.6,4564
frame_ms,12.8062,
tick_us,2855.9,4560
tick_us,3252.3,4562
frame_ms,12.9359,
tick_us,2912.8,4494
tick_us,2818.6,4464
frame_ms,13.062,
tick_us,2840.8,4514
tick_us,2752.4,4498
frame_ms,12.0356,
tick_us,2900,4464
tick_us,2757.1,4468
frame_ms,11.8876,
tick_us,2931.7,4486
frame_ms,6.4817,
tick_us,2758.3,4496
frame_ms,6.0388,
tick_us,2836.1,4522
frame_ms,6.3035,
tick_us,2871,4512
frame_ms,6.2266,
tick_us,2757.6,4492
frame_ms,6.0146,
tick_us,2839.2,4502
frame_ms,6.0685,
tick_us,2810.6,4478
frame_ms,6.3271,
tick_us,2810.3,4432
frame_ms,6.5445,
frame_ms,0.5372,
tick_us,2859.7,4432
frame_ms,6.0664,
frame_ms,0.3672,
frame_ms,0.3463,
tick_us,2798.9,4458
frame_ms,6.0036,
frame_ms,0.5133,
frame_ms,0.6605,
tick_us,2830.6,4488
frame_ms,6.1165,
frame_ms,0.3487,
frame_ms,0.3312,
tick_us,2802.1,4492
frame_ms,5.9824,
frame_ms,0.3321,
frame_ms,0.323,
frame_ms,0.4697,
tick_us,2775.3,4524
frame_ms,6.0016,
frame_ms,0.3625,
frame_ms,0.3766,
tick_us,2844.5,4490
frame_ms,6.1124,
frame_ms,0.4211,
frame_ms,0.3313,
tick_us,2778.6,4514
frame_ms,5.9087,
frame_ms,0.3892,
frame_ms,0.3786,
frame_ms,0.3662,
tick_us,2829.9,4510
frame_ms,6.0524,
frame_ms,0.4145,
frame_ms,0.3245,
tick_us,2814.5,4524
frame_ms,6.1159,
frame_ms,0.4632,
frame_ms,0.4868,
tick_us,2806.2,4516
frame_ms,6.112,
frame_ms,0.3567,
frame_ms,0.3828,
tick_us,2804.9,4530
frame_ms,6.1077,
frame_ms,0.5618,
frame_ms,0.6048,
tick_us,2913.9,4472
frame_ms,6.1515,
frame_ms,0.528,
tick_us,3097.3,4470
frame_ms,6.4587,
frame_ms,0.3507,
tick_us,2786.2,4448
frame_ms,6.0213,
frame_ms,0.377,
frame_ms,0.3198,
frame_ms,0.357,
tick_us,2778,4418
frame_ms,5.9376,
frame_ms,0.3794,
frame_ms,0.3014,
frame_ms,0.3557,
tick_us,2773.8,4398
frame_ms,5.9038,
frame_ms,0.3905,
frame_ms,0.3011,
frame_ms,0.2877,
tick_us,2782.5,4416
frame_ms,5.9095,
frame_ms,0.4401,
frame_ms,0.2855,
frame_ms,0.375,
tick_us,2841.2,4458
frame_ms,6.3033,
frame_ms,0.4018,
frame_ms,0.3959,
tick_us,2780.2,4440
frame_ms,5.9813,
frame_ms,0.3318,
frame_ms,0.3583,
tick_us,2764.3,4398
frame_ms,5.934,
frame_ms,0.3417,
frame_ms,0.5365,
frame_ms,0.3263,
tick_us,2840.9,4404
frame_ms,6.0272,
frame_ms,0.4162,
frame_ms,0.4931,
tick_us,2845.6,4426
frame_ms,6.0874,
frame_ms,0.365,
frame_ms,0.3286,
tick_us,2832.4,4416
frame_ms,5.9931,
frame_ms,0.447,
frame_ms,0.4059,
tick_us,2797.6,4446
frame_ms,6.0499,
frame_ms,0.3826,
frame_ms,0.3104,
frame_ms,0.3189,
tick_us,2756.3,4434
frame_ms,6.1454,
frame_ms,0.6038,
frame_ms,0.4618,
tick_us,2785.2,4400
frame_ms,6.0496,
frame_ms,0.3973,
frame_ms,0.3703,
tick_us,2770.1,4388
frame_ms,6.5414,
frame_ms,0.4296,
tick_us,2761.6,4378
frame_ms,5.9593,
frame_ms,0.3978,
frame_ms,0.3656,
tick_us,2749.2,4416
frame_ms,5.9183,
frame_ms,0.3555,
frame_ms,0.522,
frame_ms,0.3036,
tick_us,2873.2,4432
frame_ms,6.1127,
frame_ms,0.4347,
frame_ms,0.4665,
tick_us,2783.6,4468
frame_ms,5.9928,
frame_ms,0.3102,
frame_ms,0.3074,
frame_ms,0.2969,
tick_us,2773.5,4506
frame_ms,5.9698,
frame_ms,0.3802,
frame_ms,0.3331,
frame_ms,0.3361,
tick_us,2786.6,4558
frame_ms,5.9491,
frame_ms,0.4135,
frame_ms,0.4598,
tick_us,2814.8,4580
frame_ms,6.1859,
frame_ms,0.3737,
frame_ms,0.5132,
tick_us,2787.8,4554
frame_ms,6.1512,
frame_ms,0.3787,
frame_ms,0.3374,
tick_us,2805.8,4552
frame_ms,6.0651,
frame_ms,0.4891,
frame_ms,0.8983,
tick_us,2827.9,4548
frame_ms,6.4929,
tick_us,2809.3,4520
frame_ms,6.4752,
frame_ms,0.3979,
tick_us,2889,4466
frame_ms,6.1785,
frame_ms,0.3792,
frame_ms,0.4826,
tick_us,2824,4476
frame_ms,6.047,
frame_ms,0.3185,
frame_ms,0.3085,
tick_us,2775.8,4466
frame_ms,5.9343,
frame_ms,0.4361,
frame_ms,0.3976,
frame_ms,0.3903,
tick_us,2797,4436
frame_ms,5.9489,
frame_ms,0.3635,
frame_ms,0.3687,
tick_us,2803.7,4426
frame_ms,6.1141,
frame_ms,0.3941,
frame_ms,0.4314,
tick_us,2828.8,4450
frame_ms,5.9955,
frame_ms,0.3377,
frame_ms,0.4065,
frame_ms,0.4395,
tick_us,2786.1,4464
frame_ms,5.9451,
frame_ms,0.3715,
frame_ms,0.3443,
frame_ms,0.5014,
tick_us,2812.8,4474
frame_ms,6.139,
frame_ms,0.3882,
tick_us,2765.9,4510
frame_ms,5.9177,
frame_ms,0.3282,
frame_ms,0.4711,
frame_ms,0.2964,
tick_us,2956.9,4508
frame_ms,6.1803,
frame_ms,0.4325,
frame_ms,0.4484,
tick_us,2763.9,4526
frame_ms,5.9629,
frame_ms,0.386,
frame_ms,0.3682,
frame_ms,0.2976,
tick_us,2855.7,4488
frame_ms,6.201,
frame_ms,0.3775,
frame_ms,0.4165,
tick_us,2837.2,4500
frame_ms,6.2314,
frame_ms,0.4723,
tick_us,2857.4,4510
frame_ms,6.2429,
frame_ms,0.9556,
tick_us,2806.4,4492
frame_ms,6.113,
frame_ms,0.6567,
tick_us,2828.4,4496
frame_ms,6.1226,
frame_ms,0.6557,
tick_us,2985,4500
frame_ms,6.4883,
frame_ms,0.5814,
tick_us,2815.4,4500
frame_ms,6.1747,
frame_ms,0.6884,
tick_us,2981.3,4502
frame_ms,6.5585,
frame_ms,0.6596,
tick_us,2912.4,4538
frame_ms,6.2936,
frame_ms,0.4782,
tick_us,2891,4564
frame_ms,7.2912,
tick_us,2805.8,4560
frame_ms,6.3481,
frame_ms,0.6342,
tick_us,2814.7,4564
frame_ms,6.2342,
frame_ms,0.9576,
tick_us,2827.9,4558
frame_ms,6.2451,
tick_us,2821.8,4546
frame_ms,7.2845,
tick_us,2809.2,4540
frame_ms,6.2718,
frame_ms,0.4562,
tick_us,2833.7,4550
frame_ms,7.0171,
tick_us,2888.5,4480
frame_ms,6.1503,
frame_ms,0.5166,
tick_us,2833.1,4488
frame_ms,6.1813,
frame_ms,0.439,
frame_ms,0.3467,
tick_us,2790,4448
frame_ms,6.1957,
frame_ms,0.4556,
frame_ms,0.3863,
tick_us,2841.7,4460
frame_ms,6.082,
frame_ms,0.4977,
frame_ms,0.3736,
tick_us,2851,4442
frame_ms,6.1579,
frame_ms,0.5341,
frame_ms,0.3759,
tick_us,2785.1,4450
frame_ms,5.9331,
frame_ms,0.4843,
