# mode=collision,n=4000,struct=quadtree,cell=64,depth=5,node=4,seed=44,warmup_s=2,measure_s=5,config=2D,ticks=490,frames=98,measured_ticks=354,startup_ms=1365.99,glfw_first_draw_ms=1314.88,renderer=NVIDIA GeForce RTX 5060 Laptop GPU/PCIe/SSE2,gl=3.3.0 NVIDIA 592.01
kind,value,extra
startup_ms,1365.99,process_to_first_frame
glfw_ms,1314.88,glfw_init_to_first_frame
mem_ws_bytes,1.12144e+08,baseline
mem_private_bytes,1.80122e+08,baseline
mem_peak_ws_bytes,1.12144e+08,baseline
mem_ws_bytes,1.13451e+08,after_spawn
mem_private_bytes,1.81416e+08,after_spawn
mem_peak_ws_bytes,1.17891e+08,after_spawn
tick_us,6545.7,17988
tick_us,6646.3,17976
tick_us,6529.6,17920
tick_us,6504.6,17902
tick_us,6566.1,17960
frame_ms,66.7881,
tick_us,6695.5,17950
tick_us,7092.3,17942
tick_us,6567.6,17984
tick_us,6598.5,18004
tick_us,6556.3,18054
frame_ms,67.7512,
tick_us,6626.9,17986
tick_us,6619.6,17996
tick_us,6277.1,17970
tick_us,6358.3,17908
tick_us,6301.2,17966
frame_ms,64.9954,
tick_us,6484.3,18040
tick_us,7029.9,18028
tick_us,6460.3,18046
tick_us,6464.5,18064
tick_us,6512.3,18086
frame_ms,66.7817,
tick_us,6810.1,18064
tick_us,6844.9,18096
tick_us,6705.8,18120
tick_us,6937.1,18234
tick_us,7567.6,18210
frame_ms,70.4085,
tick_us,6946,18264
tick_us,6875.5,18264
tick_us,6853.1,18260
tick_us,7137.3,18238
tick_us,6943.2,18278
frame_ms,71.7937,
tick_us,7249.9,18334
tick_us,7500,18304
tick_us,7280.3,18304
tick_us,7318.8,18298
tick_us,7134.2,18280
frame_ms,73.8982,
tick_us,7051.6,18186
tick_us,7071.2,18172
tick_us,7335.9,18166
tick_us,7038.4,18176
tick_us,7233.3,18152
frame_ms,72.9597,
tick_us,7322.6,18084
tick_us,7488.5,18038
tick_us,7145.6,18066
tick_us,7193.2,18110
tick_us,7250.3,18110
frame_ms,73.5625,
tick_us,7208.9,18070
tick_us,7074.6,18078
tick_us,7384.4,18036
tick_us,6866.3,18058
tick_us,6774.7,18114
frame_ms,71.5336,
tick_us,6893.8,18120
tick_us,6747.5,18102
tick_us,6685.8,18112
tick_us,6753.5,18118
tick_us,6809.6,18042
frame_ms,69.421,
tick_us,6821.4,18018
tick_us,6702.3,18002
tick_us,6894.1,18098
tick_us,6648.3,18096
tick_us,6562.9,18144
frame_ms,68.7803,
tick_us,6661.9,18170
tick_us,6599,18150
tick_us,6553.3,18164
tick_us,6539.2,18166
tick_us,6687.5,18174
frame_ms,67.0275,
tick_us,6614.8,18150
tick_us,6818.4,18080
tick_us,6770,18048
tick_us,6678.1,18028
tick_us,6716.7,18046
frame_ms,68.2214,
tick_us,6715.4,18002
tick_us,6980.5,18034
tick_us,6695.1,17984
tick_us,6710.3,17982
tick_us,6654.5,18012
frame_ms,68.609,
tick_us,6967.2,17962
tick_us,6555.5,18050
tick_us,6557.9,18026
tick_us,6575.8,18046
tick_us,6700,18110
frame_ms,67.8356,
tick_us,6646.6,18082
tick_us,6727.2,17980
tick_us,7091.1,18050
tick_us,6643.4,18086
tick_us,6620.1,18178
frame_ms,68.4664,
tick_us,6819.3,18124
tick_us,6823,18164
tick_us,6712.6,18092
tick_us,6698.2,18178
tick_us,6809.4,18128
frame_ms,69.0371,
tick_us,6946.6,18234
tick_us,7030.5,18320
tick_us,6900.9,18412
tick_us,7014.7,18424
tick_us,6965.8,18494
frame_ms,70.889,
tick_us,6959.4,18534
tick_us,7474.3,18488
tick_us,6960,18460
tick_us,6932.3,18526
tick_us,7081.2,18618
frame_ms,71.5681,
tick_us,6940.4,18562
tick_us,6793.2,18546
tick_us,6696.3,18450
tick_us,6885.6,18458
tick_us,6793.2,18562
frame_ms,69.0514,
tick_us,6786.3,18488
tick_us,6763,18478
tick_us,6750.6,18470
tick_us,6774.4,18478
tick_us,6616.3,18396
frame_ms,68.6266,
tick_us,6622.3,18294
tick_us,6488.9,18216
tick_us,6507.4,18210
tick_us,6456.2,18188
tick_us,6570.7,18080
frame_ms,66.5959,
tick_us,6619.1,18086
tick_us,6864.7,18028
tick_us,6724.5,18072
tick_us,6613.4,17998
tick_us,6709.8,17984
frame_ms,68.384,
tick_us,6738.3,17996
tick_us,6606.3,17918
tick_us,6444.9,17914
tick_us,6417.7,17886
tick_us,6492.6,17894
frame_ms,66.5293,
tick_us,6338.7,17878
tick_us,6307.1,17928
tick_us,6367.8,17906
tick_us,6345.3,17926
tick_us,6380.8,17956
frame_ms,64.9041,
tick_us,6452.3,17932
tick_us,6538.1,17928
tick_us,6619.2,17910
tick_us,6649.1,17966
tick_us,6711.2,17974
frame_ms,67.3657,
tick_us,6701.5,17896
tick_us,6808.2,17860
tick_us,6572.9,17852
tick_us,6526.4,17834
tick_us,6639.3,17874
frame_ms,67.7224,
tick_us,6859.5,17938
tick_us,6925.6,17948
tick_us,6630.2,17900
tick_us,6682.9,17930
tick_us,6567.5,17980
frame_ms,68.1152,
tick_us,6648.4,17992
tick_us,6675.1,18002
tick_us,6635.3,17958
tick_us,6627.6,18032
tick_us,6747.1,17946
frame_ms,68.2309,
tick_us,6873.8,18060
tick_us,7099.2,18146
tick_us,7150.5,18162
tick_us,7122.3,18134
tick_us,7102.6,18104
frame_ms,71.8195,
tick_us,7000.8,18138
tick_us,6895,18068
tick_us,6854.7,18032
tick_us,7631.3,18004
tick_us,7041.4,18060
frame_ms,71.9758,
tick_us,6972.1,18048
tick_us,6832.2,18048
tick_us,6764.5,18042
tick_us,6813.8,18072
tick_us,6925,18100
frame_ms,70.3057,
tick_us,6981,18056
tick_us,7064,18022
tick_us,7087.9,18038
tick_us,7014.5,17984
tick_us,7257.3,17992
frame_ms,71.6834,
tick_us,6998.9,17910
tick_us,7019.2,17930
tick_us,6957.9,17978
tick_us,7029.2,18038
tick_us,6983.6,18078
frame_ms,71.5891,
tick_us,7355.6,18000
tick_us,7055.5,17956
tick_us,6916.8,17910
tick_us,6886.4,17930
tick_us,6889.7,17872
frame_ms,71.0546,
tick_us,7060.8,17830
tick_us,6981.2,17836
tick_us,6997.8,17824
tick_us,7030.9,17890
tick_us,6996.5,17986
frame_ms,71.539,
tick_us,7011.2,18030
tick_us,7354.3,18064
tick_us,6990.4,18108
tick_us,6909.4,18160
tick_us,7250,18116
frame_ms,72.3112,
tick_us,7603.1,18130
tick_us,7218.9,18170
tick_us,7261.5,18152
tick_us,7150.1,18204
tick_us,7131.1,18216
frame_ms,73.6595,
tick_us,7280.2,18210
tick_us,7065.7,18188
tick_us,7033,18226
tick_us,7198.1,18188
tick_us,7039.5,18162
frame_ms,72.5633,
tick_us,7122.7,18148
tick_us,7495.1,18216
tick_us,6900,18172
tick_us,6902.5,18124
tick_us,6917.4,18134
frame_ms,71.6062,
tick_us,7067.8,18158
tick_us,7384.8,18162
tick_us,7071.5,18156
tick_us,7299.6,18128
tick_us,7229.7,18120
frame_ms,72.7659,
tick_us,7408.9,18098
tick_us,7081.2,18146
tick_us,7007.3,18114
tick_us,7047.3,18092
tick_us,7000.8,18064
frame_ms,72.6651,
tick_us,7046.8,18042
tick_us,7141.4,17988
tick_us,7099,17958
tick_us,7141.8,18010
tick_us,7018.4,18024
frame_ms,72.2608,
tick_us,7069.8,18008
tick_us,7087.8,18092
tick_us,6925.6,18032
tick_us,7174.7,18106
tick_us,7168.7,18164
frame_ms,72.6457,
tick_us,7305.8,18222
tick_us,7181.3,18238
tick_us,7231.6,18190
tick_us,7280.5,18310
tick_us,7287.3,18292
frame_ms,74.0067,
tick_us,7718.5,18248
tick_us,7260.8,18218
tick_us,7221.4,18340
tick_us,7167.7,18316
tick_us,7200.9,18384
frame_ms,74.1283,
tick_us,7322.1,18368
tick_us,7434.6,18334
tick_us,7313.9,18398
tick_us,7128.3,18516
tick_us,7129.9,18474
frame_ms,74.1597,
tick_us,7129.8,18470
tick_us,7311.9,18476
tick_us,6937.6,18450
tick_us,7010.4,18446
tick_us,7027.2,18314
frame_ms,71.8307,
tick_us,7111.8,18326
tick_us,6933.5,18292
tick_us,6953.7,18242
tick_us,6913.7,18170
tick_us,6919.9,18310
frame_ms,71.1439,
tick_us,7006.7,18250
tick_us,7728.2,18282
tick_us,6733.1,18224
tick_us,6801.8,18240
tick_us,6795,18242
frame_ms,70.5822,
tick_us,6956.1,18178
tick_us,7261,18274
tick_us,7085.4,18346
tick_us,7166.2,18296
tick_us,7009.9,18244
frame_ms,71.9622,
tick_us,7034.6,18242
tick_us,7074.5,18202
tick_us,7242.3,18196
tick_us,6905.9,18174
tick_us,6954.2,18258
frame_ms,71.2774,
tick_us,7242.6,18290
tick_us,7329.8,18342
tick_us,7150.5,18238
tick_us,7092.4,18258
tick_us,7186.2,18184
frame_ms,73.1233,
tick_us,7380,18140
tick_us,7623.8,18150
tick_us,7277.6,18076
tick_us,7323,18060
tick_us,7292.1,18052
frame_ms,74.7985,
tick_us,7426.1,18008
tick_us,7421.3,18086
tick_us,7141,18130
tick_us,7574.4,18178
tick_us,7093,18196
frame_ms,73.6675,
tick_us,7154.1,18176
tick_us,7546.7,18202
tick_us,6956.3,18146
tick_us,6956,18064
tick_us,6950.1,18112
frame_ms,72.2314,
tick_us,7011.6,18092
tick_us,7089.5,18126
tick_us,7003.6,18058
tick_us,7076.5,18000
tick_us,7051.9,17948
frame_ms,71.6502,
tick_us,7393.8,17940
tick_us,6910.5,17896
tick_us,6796.9,17936
tick_us,6849.7,17906
tick_us,6811.3,17880
frame_ms,70.3169,
tick_us,6804,17876
tick_us,6975,17852
tick_us,7121.4,17948
tick_us,6757.9,17932
tick_us,6824.9,18044
frame_ms,70.1673,
tick_us,6775.8,18006
tick_us,6941,17980
tick_us,6728.4,17910
tick_us,6821.2,17836
tick_us,6878.6,17894
frame_ms,69.4481,
tick_us,7022.6,17862
tick_us,6956.9,17864
tick_us,6711.2,17796
tick_us,6656.6,17768
tick_us,6649.8,17770
frame_ms,68.6827,
tick_us,6743.2,17784
tick_us,6955.8,17734
tick_us,6490.7,17748
tick_us,6569.9,17754
tick_us,6547.4,17860
frame_ms,67.7948,
tick_us,6887.2,17844
tick_us,6751.8,17940
tick_us,6816.2,17806
tick_us,6713.4,17832
tick_us,6928.3,17820
frame_ms,69.5398,
tick_us,6839.2,17738
tick_us,7335,17776
tick_us,7079.5,17780
tick_us,6963.8,17888
tick_us,7071.8,17908
frame_ms,71.5172,
tick_us,7100.4,17886
tick_us,7158.7,17900
tick_us,7140.4,17898
tick_us,7368.7,17882
tick_us,7205.3,17928
frame_ms,73.8132,
tick_us,7319.3,17972
tick_us,7549.7,17998
tick_us,7373.7,18058
tick_us,7253.4,17970
tick_us,7359.4,18052
frame_ms,74.6067,
tick_us,7486.1,18060
tick_us,7378.8,18114
tick_us,7330.9,18092
tick_us,7373.8,18082
tick_us,7390.6,18114
frame_ms,74.7741,
tick_us,7502.4,18208
tick_us,7423.3,18236
tick_us,7348.8,18176
tick_us,7325,18240
tick_us,7344.5,18170
frame_ms,75.0461,
tick_us,7496.4,18254
tick_us,8030,18302
tick_us,7279.6,18310
tick_us,7292,18252
tick_us,7287.6,18222
frame_ms,76.0093,
tick_us,7326.9,18282
tick_us,7238.4,18260
tick_us,7123.7,18302
tick_us,7096,18288
